symbol,entry_time,side,setup,atr_pct,body_atr,close_pos,dow,entry_dist_atr,gap_atr,hour,htf_align,range_atr,setup_choch,side_long,stop_atr,stop_pct,trend_age,vol_z,gross_r,net_r,win
ETHUSDT,2026-01-06T21:59:59Z,SHORT,CHoCH,0.8785533791727073,1.9773990532699115,0.09222812814250321,2,2.250168308592209,0.06445330967798342,17,-0,2.4787817053505745,1,0,0.7036449719541463,0.6062056313312661,0,0.9555199186589597,-1,-1.1491644736842088,0
WLDUSDT,2026-01-06T21:59:59Z,SHORT,BOS,1.8915108556246614,1.2568994343036402,0.11707317073170546,2,1.5689572248893766,0.1040192635285756,17,-0,1.7769957519465278,0,0,0.7801444764643314,1.4331210191082815,0,1.2749471776391426,-1,-1.0635,0
BTCUSDT,2026-01-06T21:59:59Z,SHORT,BOS,0.5944544566591811,2.026021117773909,0.04018258916627762,2,2.1742974756426756,1.0633727257736194,17,-0,2.265324061744227,0,0,1.8414149400284647,1.0806694401014163,0,1.7964599224345439,-1,-1.0839817110027223,0
SOLUSDT,2026-01-07T02:59:59Z,LONG,BOS,1.234250100711938,0.7394944096846608,0.4712990936555895,2,0.9012588118031809,0.3466380045396812,21,0,1.9122863250439273,0,1,0.6874987090037227,0.8580905682146136,7,0.3386979868078969,0,-0.10488403361344308,0
BLURUSDT,2026-01-07T01:59:59Z,LONG,CHoCH,1.473849814622068,1.2317613008400017,0.891891891891896,2,1.354937430923996,0.41058710027999584,21,0,1.5191722710359887,1,1,0.7595861355180016,1.142327878974999,0,1.3409189074288763,0,-0.07878648648648601,0
ADAUSDT,2026-01-07T03:59:59Z,SHORT,BOS,1.6194031563225086,0.40655472559861366,0.09615384615384656,3,0.7077063741901818,0.3463243958803067,1,-0,0.7829942863380739,0,0,0.7378215390493353,1.1812921890067405,8,-0.6623173996703489,0,-0.07618775510204144,0
ADAUSDT,2026-01-07T09:59:59Z,LONG,CHoCH,1.3707334864395815,0.3983698397932787,0.686274509803923,3,0.6062149735984618,0.8833418186720423,8,0,0.8833418186720423,1,1,1.4375955088192036,1.9870720612879995,0,-0.2766976387897477,-1,-1.0445927710843375,0
XLMUSDT,2026-01-07T03:59:59Z,SHORT,BOS,1.5761497856443047,0.29262189235746766,0.26666666666666483,3,0.585243784714928,0.3990298532147226,1,-0,0.7980597064294452,0,0,1.0640796085725936,1.6618196925633586,8,-0.6835301393246878,2,1.9472425,1
XRPUSDT,2026-01-06T21:59:59Z,SHORT,BOS,1.814442746164746,1.8111662524007752,0.016049382716050366,2,1.9882913266713715,1.1475709037250157,17,-0,2.0207226782983847,0,0,1.6564936523334974,2.9009567914718963,2,2.059263291490836,2,1.9703757530120483,1
ZECUSDT,2026-01-08T15:59:59Z,SHORT,BOS,3.5309448586089003,2.559213053851651,0.09959532374100731,4,2.9293078824452308,0.8228392928216939,9,-0,3.253323710640796,0,0,1.4262547742242693,4.563965735149558,40,2.7673737865757833,-1,-1.0204196923076922,0
TRXUSDT,2026-01-09T06:59:59Z,SHORT,BOS,0.2579762336669132,0.6592391275487351,0.16666666666665125,5,0.6592391275487351,0.1318478255097324,3,-0,0.7910869530584677,0,0,1.7140217316266677,0.4414261460101759,58,-0.6385232683059511,0,-0.2038846153846204,0
WLDUSDT,2026-01-08T15:59:59Z,SHORT,BOS,1.5768682090746353,0.586782918372057,0.29069767441860045,4,1.0517807027423791,0.09964238236506814,12,-0,0.9521383203772987,0,0,1.1846372125624536,1.837540786536138,43,0.844471507001735,-1,-1.0496785046728976,0
XLMUSDT,2026-01-09T15:59:59Z,SHORT,BOS,1.1693734018759059,1.2018042524676695,0.2916666666666693,5,1.2769170182469016,0.037556382889610766,8,-0,1.8027063787015147,0,0,0.8262404235715307,0.9519688446559963,63,1.479579134193699,0,-0.09454090909090876,0
NEARUSDT,2026-01-10T16:59:59Z,LONG,CHoCH,1.1112758011482178,0.42049842095305673,0.8333333333333334,6,0.7358722366678493,0.26281151309565465,9,0,0.6307476314295851,1,1,0.6833099340487113,0.7656065959952827,0,-0.44922325304382016,0,-0.11755384615384705,0
XLMUSDT,2026-01-10T16:59:59Z,LONG,CHoCH,0.872358668548259,0.2011083317177214,0.8571428571428713,6,0.7541562439414344,0.05027708292943733,10,0,0.7038791610119971,1,1,0.553047912223727,0.48565121412804313,0,0.02854388165302657,0,-0.18531818181817886,0
BTCUSDT,2026-01-10T14:59:59Z,LONG,CHoCH,0.37528844493400676,0.1731760538441408,0.9613713182037674,6,0.6152546503844507,0.04327201074370874,10,0,0.30378418389906214,1,1,0.6162814438597423,0.2318185690569353,0,-0.4603905341680817,-1,-1.3875346455943127,0
ADAUSDT,2026-01-10T23:59:59Z,SHORT,BOS,0.7034254880600384,1.1791516266171878,0.05882352941175798,6,1.1791516266171878,0.40533337164965,22,-0,1.252848603280753,0,0,0.9949091849582337,0.6940874035989666,74,2.0454175842401154,-1,-1.1303666666666676,0
DOGEUSDT,2026-01-11T07:59:59Z,SHORT,CHoCH,0.5841464992069001,0.8732925158453279,0.1276595744680914,6,1.0085913563284419,0.012299894589349178,22,-0,1.1561900914009051,1,0,0.6149947294685172,0.3571428571428376,0,-0.450953719738411,0,-0.25200000000001377,0
NEARUSDT,2026-01-11T15:59:59Z,LONG,BOS,0.7073072549595916,0.33188092217570947,0.8571428571428436,0,0.7467320748953371,0.24891069163179133,11,0,0.5807916138075008,0,1,0.9126725359832103,0.648967551622426,26,-0.34479471033196446,1,0.8606181818181833,1
TRXUSDT,2026-01-11T17:59:59Z,SHORT,BOS,0.38204492381027494,0.8760017489074378,0.07142857142856576,0,1.3140026233611566,1.7520034978148755,7,-0,1.226402448470374,0,0,0.9636019237981718,0.3663003663003629,110,0.3884550992978289,-1,-1.2464000000000022,0
BLURUSDT,2026-01-10T17:59:59Z,SHORT,BOS,1.3971166738231036,0.4626333190529904,0.07692307692307282,6,0.5287237932034219,0.5066936351532729,15,-0,0.5727841093037045,0,0,1.718352327911083,2.3831347387717567,74,-0.42205535650166215,2,1.9636346153846151,1
XRPUSDT,2026-01-12T02:59:59Z,SHORT,CHoCH,0.6311840603237865,1.6569697628129012,0.4844868735083576,0,1.6569697628129012,0.04602693785590919,20,-0,3.214214493604683,1,0,0.7747867872412232,0.4839714408931908,0,3.980727581209373,-1,-1.186661386138614,0
XLMUSDT,2026-01-12T03:59:59Z,LONG,BOS,0.9924504970606034,0.971400196880055,0.8571428571428529,1,1.0597093056873361,0.3090818808254776,2,0,1.2363275233018982,0,1,0.7947819792655051,0.797165633303807,40,0.060756004026981246,0,-0.11290000000000025,0
BTCUSDT,2026-01-12T08:59:59Z,LONG,BOS,0.3546547613083747,0.47433892005973183,0.4578401122019668,1,1.0069137538321051,0.13636704159086968,1,0,2.1992694108635154,0,1,1.18979549768921,0.42347891004107163,39,2.7917802622535586,-1,-1.211825341560153,0
BLURUSDT,2026-01-13T00:59:59Z,SHORT,BOS,1.3612543595611213,0.5628308116613073,0.3571428571428589,1,0.6607144310806706,0.3915344776774364,21,-0,1.0277780039032682,0,0,1.125661623322623,1.518653020798939,128,-0.6377135156719739,-1,-1.059963043478261,0
DOGEUSDT,2026-01-13T01:59:59Z,SHORT,BOS,1.163763428673509,0.6942411211448878,0.3488372093023196,1,0.7068636869838807,0.22089490218245394,21,-0,1.0855406621538068,0,0,1.0539842475562984,1.2165804618634641,47,-0.4901887030771656,-1,-1.0746778443113782,0
BNBUSDT,2026-01-13T12:59:59Z,LONG,BOS,0.47060060386845143,0.714997371715017,0.9839743589743372,2,0.7173339644330378,0.11215645046510694,4,0,0.7290169280231685,0,1,0.9626761998254658,0.4545705301483979,50,0.672114744994246,3,2.7999109223300973,1
SOLUSDT,2026-01-14T12:59:59Z,SHORT,BOS,0.9386661466811337,0.7187739126883096,0.19834710743802275,3,0.7187739126883096,0.08892048404391807,11,-0,0.8966148807761457,0,0,0.7706441950472548,0.718529777532121,52,-0.5015490393446935,-1,-1.1259557692307702,0
WLDUSDT,2026-01-14T19:59:59Z,SHORT,CHoCH,1.5582710274309757,1.0290085395033797,0.31034482758620513,3,1.2862606743792335,0.27868981278216015,18,-0,1.8650779778498838,1,0,0.8575071162528224,1.3099721630915355,0,1.2605671611759452,3,2.93339625,1
BNBUSDT,2026-01-15T11:59:59Z,LONG,CHoCH,0.6041864857944669,0.6250432808525024,0.9744136460554601,4,0.802372975701101,0.12992472691877802,8,0,0.8234418503365591,1,1,0.7918385383833519,0.48074873150556335,0,-0.6122098698231072,0,-0.18720798226164118,0
DOGEUSDT,2026-01-15T09:59:59Z,SHORT,BOS,1.2610815555914319,0.3524066944121535,0.2933333333333304,4,0.5836735876201307,0.19272241100664,2,-0,0.8259531900284834,0,0,0.8314595446286634,1.0408768180878083,100,-0.4476615431497171,2,1.9149344370860917,1
ADAUSDT,2026-01-15T13:59:59Z,SHORT,BOS,1.3125824675347268,0.5448544977918741,0.16981132075472014,4,0.8266757897531927,0.1690927751767932,2,-0,0.9957685649299858,0,0,0.8454638758839556,1.0978287387167611,174,0.595965857148147,2,1.9194200000000001,1
BLURUSDT,2026-01-14T21:59:59Z,SHORT,BOS,5.1006440511789615,0.3152154465536581,0.19327731092437117,3,0.49607676834673875,0.35655517724922176,17,-0,0.6149284940964793,0,0,0.9921535366934847,4.935732647814923,172,-0.36710464347105914,2,1.983165625,1
BNBUSDT,2026-01-16T01:59:59Z,LONG,BOS,0.6203843876883031,0.38742284466244253,0.6264775413711672,4,0.4583350617658302,0.05534612066607164,22,0,0.7316065325545037,0,1,0.9149405572608672,0.5692334179830496,14,-0.9910605435853204,0,-0.15810737240075384,0
DOGEUSDT,2026-01-16T21:59:59Z,SHORT,BOS,0.9310585983613099,1.3977368354633808,0.28260869565217206,5,1.6346413838469975,0.6633327354741226,15,-0,2.542775485984199,0,0,0.2842854580603226,0.2607184241019492,137,0.6269436075704089,1,0.6554999999999727,1
BNBUSDT,2026-01-17T11:59:59Z,LONG,BOS,0.3697954967977317,0.1838202780324986,0.2056451612903174,6,0.14648178405714782,0.7640030305725793,10,0,0.7123035773759524,0,1,1.5854498980303289,0.5866099893730055,50,0.557295117338919,2,1.8451760869565212,1
DOGEUSDT,2026-01-17T16:59:59Z,LONG,BOS,0.6072250223391261,1.2628929066284673,0.7237569060773446,6,1.5461586053114798,0.41309581057943,15,0,2.1362954775677805,0,1,0.8025861462685844,0.4919693242656735,15,3.299450861712406,0,-0.1829382352941139,0
ZECUSDT,2026-01-18T10:59:59Z,LONG,CHoCH,0.9972274868741976,0.4735768661434227,0.6646153846153748,0,0.5412307041639076,0.10774500129189231,9,0,0.8143517539503359,1,1,0.7667434975655476,0.7687669580946643,0,1.920699551733438,-1,-1.1163705882352941,0
BNBUSDT,2026-01-18T02:59:59Z,SHORT,BOS,0.4282918086809818,0.1358853790543366,0.6270627062706252,0,0.27918268787523765,0.04694222185514212,1,-0,0.7486049064265184,0,0,1.6306245486518425,0.697549066235457,3,-0.24261626313544618,-1,-1.1297231818181814,0
TRXUSDT,2026-01-18T14:59:59Z,SHORT,BOS,0.4998261379040813,1.7116217882726628,0.18181818181817724,0,1.7116217882726628,0.5705405960908524,8,-0,2.091982185666576,0,0,1.2044745917473865,0.59692114357523,279,3.182191434670399,-1,-1.1514736842105298,0
ETHUSDT,2026-01-17T01:59:59Z,LONG,CHoCH,0.6426440039719218,0.006140957806710048,0.8930008045052338,5,0.2588649906210994,0.4303394278390736,22,0,0.5871700425949293,1,1,1.1441076775260868,0.7364791310640877,0,-0.5291708331202458,2,1.8763969446738222,1
XLMUSDT,2026-01-19T22:59:59Z,LONG,CHoCH,1.0669425305165454,0.3466509863068528,0.5333333333333297,1,0.3466509863068528,0.2599882397301366,15,0,0.6499705993253536,1,1,0.8666274657671381,0.928074245939676,0,-0.28695597946860185,-1,-1.0962749999999999,0
BTCUSDT,2026-01-21T11:59:59Z,LONG,CHoCH,0.6876282524400557,0.1386953652592524,0.5422271573604222,3,0.27920406214907983,0.5158846807445692,1,0,0.5149208378057887,1,1,0.9802119324246011,0.6753179516038312,0,-0.9369230862656626,-1,-1.1325705576480776,0
SOLUSDT,2026-01-21T08:59:59Z,LONG,BOS,0.9444919393392629,0.5641907326604437,0.7604166666666645,3,0.3401738241040919,0.5807845777387007,3,0,0.7965045637559358,0,1,1.2196476132512657,1.1556603773584897,35,-0.82902480675377,1.0000000000000098,0.9214224489796016,1
ZECUSDT,2026-01-21T19:59:59Z,SHORT,CHoCH,2.153249717608172,0.2556147204111445,0.5862068965517256,3,0.498254074303961,0.6838018155161153,17,1,1.2041140129012435,1,0,1.2287672092860746,2.6177576293675284,0,2.4524873914409477,-1,-1.035080570221753,0
BNBUSDT,2026-01-22T13:59:59Z,LONG,BOS,0.6671008262483836,0.5776230026472831,0.7744510978043917,4,0.6496165942815728,0.05525089590539842,9,0,0.8388090560182159,0,1,0.6161312028237711,0.41281058948904187,14,-0.35543098412038965,-1,-1.2173176630434746,0
DOGEUSDT,2026-01-22T13:59:59Z,SHORT,BOS,0.9423657609737845,0.202704698575707,0.02380952380954741,4,0.3462871934001749,0.3293951351855385,12,1,0.35473322250750483,0,0,0.9712933473419557,0.9123363744545692,5,-0.4571880391162047,1,0.9020521739130422,1
BTCUSDT,2026-01-22T17:59:59Z,SHORT,BOS,0.6408199404747302,0.15533117553235937,0.5211911342445656,4,0.7806535645362382,0.05905354997096879,15,-0,1.6304074973728242,0,0,0.5215403336956098,0.3325498371964758,2,2.6136247244166455,-1,-1.2713361270801842,0
TRXUSDT,2026-01-22T08:59:59Z,LONG,BOS,0.4304344860041461,0.542449548662643,0.8181818181818366,3,0.6974351339948023,0.07749279266607959,21,0,0.8524207193269614,0,1,1.5498558533217637,0.6691201070592177,66,-0.300744685892437,5,4.861995,1
BNBUSDT,2026-01-23T08:59:59Z,LONG,BOS,0.5191227402424604,0.11228700216373397,0.4462809917355616,5,0.6607658204249413,0.1770679649504573,4,0,0.5225664331465033,0,1,0.7989652077033302,0.4161886121796958,33,-0.7737346397665572,-1,-1.215548108108112,0
BTCUSDT,2026-01-23T13:59:59Z,SHORT,BOS,0.5115018605601737,0.5355478942200275,0.16278264412304352,5,0.9030312178776038,0.12921790292556778,9,-0,1.0786102456413,0,0,0.5349985917930036,0.2723945786889538,20,0.4752149011250822,-1,-1.3311030514600315,0
SOLUSDT,2026-01-23T15:59:59Z,SHORT,BOS,0.7993482566296459,0.8070456510445478,0.10999999999999943,5,0.9743599933342574,0.2558925235019465,8,-0,0.984202013468952,0,0,1.0432541342770913,0.827478532396567,2,-0.5181179020649641,-1,-1.109464150943396,0
XLMUSDT,2026-01-23T15:59:59Z,SHORT,CHoCH,0.8437030162010917,0.8482236536075888,0.055555555555564975,5,1.6398990636413289,0.11309648714768164,8,1,1.0178683843291034,1,0,0.11309648714768164,0.09411764705882623,0,-0.12045283112198928,-1,-1.9569499999999724,0
BNBUSDT,2026-01-23T19:59:59Z,LONG,BOS,0.5599311305378732,0.6534025691757536,0.4625468164794031,5,0.9810968667867155,0.3733728966718624,17,0,2.1210758172635766,0,1,0.4845903552549598,0.2728360411937629,46,1.6015318556744305,-1,-1.3291684426229589,0
XRPUSDT,2026-01-25T10:59:59Z,SHORT,BOS,0.368290125382376,0.543565085129432,0.42424242424244873,0,0.8153476276941639,0.21456516518268975,6,1,0.9440867268037905,0,0,0.5864781181659954,0.21534744471873485,66,0.17366677724289534,-1,-1.4186292682926838,0
ADAUSDT,2026-01-25T13:59:59Z,SHORT,BOS,0.6569710691741827,0.1282339546868762,0.7777777777777983,0,0.17097860624916825,0.04274465156229206,12,1,0.7694037281213284,0,0,1.0258716374951282,0.6732117812061749,71,0.3141977387274102,5,4.869812500000001,1
TRXUSDT,2026-01-24T20:59:59Z,LONG,CHoCH,0.3875967738446532,0.6965915179428402,1,6,0.7836654576856832,0.08707393974284294,14,0,0.7836654576856832,1,1,1.2190351563998978,0.4739336492890849,0,0.21271430704994929,1,0.8093999999999941,1
ZECUSDT,2026-01-25T10:59:59Z,SHORT,BOS,1.025401552701741,0.4007785077239223,0.3933333333333356,0,0.49620196194389277,0.06815961015712839,6,1,0.8179153218855406,0,0,1.4940586546442591,1.5242545616377443,9,1.6031112132109018,5,4.944454744525547,1
ADAUSDT,2026-01-26T01:59:59Z,SHORT,BOS,0.9812724601799709,0.44919995036310506,0.4772727272727235,0,1.6470664846647185,1.7369064747373462,18,1,1.317653187731778,0,0,0.059893326715074025,0.05783689994215673,77,1.472218137738457,-1,-2.5568000000001714,0
ETHUSDT,2026-01-26T01:59:59Z,SHORT,BOS,0.6566091382945376,1.9367455465214638,0.33201450708868974,0,2.6960439109777163,1.254981169985053,18,-0,3.2435942808391047,0,0,1.560839384399833,1.007034406146396,46,3.288001914580852,0,-0.08937132579650549,0
BNBUSDT,2026-01-26T03:59:59Z,LONG,BOS,0.5584356349717188,1.360266174081623,0.7847222222222203,1,1.3889464849809317,0.13930436722523978,1,0,1.769984901214643,0,1,0.5019054407379586,0.28247284801808353,2,0.7224615109230046,3,2.679285306122455,1
TRXUSDT,2026-01-26T18:59:59Z,LONG,BOS,0.2715361579369128,0.24841489304729025,1,1,0.6210372326182946,0.24841489304729025,17,0,0.6210372326182946,0,1,1.8631116978548148,0.5067567567567385,51,-0.8370912485929336,-1,-1.1769000000000065,0
ETHUSDT,2026-01-27T12:59:59Z,SHORT,BOS,0.7444517032921651,0.7262195080214788,0.04611650485438212,2,0.7262195080214788,0.18894642416081373,9,1,0.7613293570098051,0,0,1.5545347611274263,1.1510530510602377,85,-0.11268578618881459,-1,-1.0788892719167902,0
BNBUSDT,2026-01-27T10:59:59Z,LONG,BOS,0.5295307481113797,0.8065163622951979,0.922169811320772,2,0.8342536975064068,0.3435162283849625,2,0,0.9046638561194625,0,1,1.0668205850465093,0.5674209582605014,27,2.154787404598949,2,1.8399875999999964,1
ADAUSDT,2026-01-28T17:59:59Z,SHORT,BOS,0.9973119268302117,0.3649227082580151,0.49056603773585006,3,0.7579163940743523,0.2526387980247893,15,1,1.487761810590398,0,0,0.5614195511661915,0.5557099194220622,146,1.634082854912516,1,0.8387450000000002,1
XLMUSDT,2026-01-29T17:59:59Z,SHORT,BOS,1.0174675990243818,1.5411128312928903,0.4038461538461513,4,1.5411128312928903,1.4416861970159136,15,1,2.585092491200966,0,0,2.435952539785515,2.440239043824695,50,3.98368210543961,1,0.9638183673469387,1
TRXUSDT,2026-01-30T01:59:59Z,LONG,BOS,0.3817210295634883,1.4213437481694846,0.9500000000000055,4,1.776679685211868,0.888339842605934,21,0,1.776679685211868,0,1,2.576185543557169,0.9900990099009759,127,1.3636520309009894,-1,-1.0902000000000014,0
DOGEUSDT,2026-01-30T11:59:59Z,SHORT,CHoCH,1.3640420488355485,1.1939564725721699,0.2894736842105241,5,1.615734574296031,0.9473785054105237,6,1,1.726045770131496,1,0,0.08435562034477581,0.11258335498398293,0,-0.050274453640322674,-1,-1.8001076923076609,0
ADAUSDT,2026-01-29T17:59:59Z,SHORT,BOS,1.1775823958166438,1.477751385876444,0.3789473684210515,4,1.5032298580467245,1.5032298580467245,15,1,2.420454856176925,0,0,2.1401916623037955,2.4764150943396115,170,4.177177434410126,1,0.9643571428571427,1
BLURUSDT,2026-01-29T17:59:59Z,SHORT,BOS,1.3207749016831967,0.711857170111213,0.6097560975609752,4,0.9111771777423542,1.423714340222426,15,1,2.3348915179647802,0,0,2.0786229367247344,2.712746191007053,37,2.325002184249179,1,0.9675232876712327,1
NEARUSDT,2026-01-29T17:59:59Z,SHORT,BOS,1.281581457875371,1.2484575133074338,0.4883720930232545,4,1.2484575133074338,1.361953650880837,15,1,2.44016695782816,0,0,1.9861824075345476,2.5053686471009247,36,4.097333984323283,2,1.9654771428571427,1
TRXUSDT,2026-02-01T17:59:59Z,SHORT,BOS,0.3158621141953896,0.6683895308829373,0.12499999999999133,0,0.7797877860300833,0.44559302058864547,16,-0,0.8911860411772291,0,0,1.5595755720602282,0.49140049140049574,39,1.842770283721836,-1,-1.1838499999999983,0
BLURUSDT,2026-02-01T18:59:59Z,SHORT,BOS,2.0625988690238737,0.9774702500502168,0.3661971830985919,0,0.9774702500502168,0.19549405001004336,15,1,1.5422308389681207,0,0,0.49959590558122524,1.0101010101010146,109,0.18274338512271646,2,1.9123000000000003,1
ADAUSDT,2026-01-31T23:59:59Z,SHORT,BOS,2.0447612670546422,1.4105691546847583,0.4390243902439023,6,1.5825897833048512,0.4300515715502323,17,1,2.8211383093695166,0,0,1.2041444003406505,2.385008517887566,220,3.2177417337588543,1,0.9629642857142857,1
VANRYUSDT,2026-02-01T18:59:59Z,SHORT,BOS,2.1122478540123004,0.7043113552901009,0.5245098039215698,0,0.711647931907707,0.16874126220491742,14,1,1.49666162999147,0,0,0.8730526174950246,1.8167938931297738,32,2.5716815975678897,1,0.9511621848739497,1
BTCUSDT,2026-02-02T04:59:59Z,SHORT,CHoCH,1.4425741657096007,0.18008640190169584,0.8565111337623557,1,0.25709105659982373,0.03976075149959638,3,1,1.7917143214026996,1,0,0.8901738083103642,1.2793968026245408,0,3.4351760855467504,0,-0.07034565024343892,0
ZECUSDT,2026-02-03T04:59:59Z,SHORT,BOS,2.225634097162522,1.1065968225657794,0.0635103926097009,2,1.2912949972674101,0.1448925336021332,2,1,1.3788674076862868,0,0,0.6273369037279389,1.3572166724078532,23,0.6355914251150374,0,-0.06631218274111679,0
SOLUSDT,2026-02-03T11:59:59Z,SHORT,CHoCH,1.38806700806159,0.1680294612932293,0.47058823529412747,2,0.3150552399248037,0.5040883838796979,10,1,0.5951043420801958,1,0,1.1972099117142898,1.6545718432510963,0,-0.2612417023440369,2,1.947005263157895,1
BNBUSDT,2026-02-03T19:59:59Z,SHORT,BOS,1.295478786126293,1.4847549091675787,0.0295159386068478,2,1.7226090830426943,1.0656286115902793,18,1,1.7749998702398566,0,0,1.2196575259499398,1.5455499050628692,16,3.7225524919932225,-1,-1.0589317010309278,0
ETHUSDT,2026-02-03T19:59:59Z,SHORT,BOS,2.136459982996591,1.6434605073427926,0.10981645700144452,2,1.9054518613873637,0.6226433106653265,18,1,2.1405157131628254,0,0,0.8303382257082413,1.704591795122742,154,3.1610119767023264,-1,-1.0534985645933015,0
XRPUSDT,2026-02-03T19:59:59Z,SHORT,BOS,1.550216744334401,1.1373200563435366,0.046109510086456716,2,1.394270143147077,0.7455764813807674,18,1,1.4616668872266962,0,0,1.0699233122639176,1.6235218919782592,4,3.4642528080467723,-1,-1.056135039370079,0
ZECUSDT,2026-02-03T19:59:59Z,SHORT,BOS,2.4930343900085687,0.19442688105823586,0.2038095238095225,2,0.6251572021718617,0.5279437616427479,18,1,0.7851854811967149,0,0,1.0932773081043787,2.683750642484765,39,2.3747936083268573,-1,-1.0342351573187414,0
TRXUSDT,2026-02-04T18:59:59Z,SHORT,BOS,0.3091295803185023,0.8007151959389014,0.2727272727272819,3,0.9151030810730846,0.3431636554023591,17,-0,1.2582667364755071,0,0,0.9151030810730211,0.2820874471085922,27,1.042564023395587,-1,-1.319750000000013,0
ZECUSDT,2026-02-04T19:59:59Z,SHORT,BOS,2.4768027260803875,0.690876413767667,0.4184890656063597,3,1.0178090024255801,0.16500842918111516,17,1,1.551387661272925,0,0,1.0640730479903722,2.57069408740359,62,3.1178875810746005,3,2.96709,1
BTCUSDT,2026-02-05T09:59:59Z,SHORT,BOS,1.5127270982728707,0.21457873027367105,0.0963112793669463,4,0.6137105758534348,0.10267182465881852,3,1,0.6791172245942355,0,0,0.9002486856769017,1.3493039595339609,49,0.4131891630374937,4,3.936098943233602,1
BNBUSDT,2026-02-06T09:59:59Z,SHORT,BOS,2.750067412040587,0.20246844015393387,0.296928327645054,5,0.3626825971453118,0.008216110614941605,8,1,0.5158543736095961,0,0,0.9548294264650914,2.5999137090717306,78,-0.6579612968429441,-1,-1.0353165334972343,0
ZECUSDT,2026-02-07T04:59:59Z,SHORT,CHoCH,3.3752324793256294,0.43858477789237504,0.3798561151079164,6,0.5385471204319457,0.16493786519029802,0,1,0.8684228508125382,1,0,0.8996610828561583,2.9823544031149107,0,-0.7240394898105393,1,0.9705225000000001,1
XRPUSDT,2026-02-07T12:59:59Z,SHORT,BOS,2.564691094028527,0.39289202618952546,0.40566037735849,6,0.8275810764417679,0.13375047700068715,10,1,0.8860969101295632,0,0,0.5043507570234335,1.2666200139958017,92,-0.3793300132261252,1,0.9296447513812155,1
BNBUSDT,2026-02-07T12:59:59Z,SHORT,BOS,1.6909716564988058,0.43903052369630763,0.4836750189825379,6,0.6298328188048241,0.7113405953560473,7,1,1.2198379740675829,0,0,1.0095849595547963,1.689189189189186,101,1.2410686644327926,0,-0.053280000000000105,0
VANRYUSDT,2026-02-07T12:59:59Z,SHORT,BOS,1.8312443549252693,0.5775725201699237,0.40425531914893553,6,0.7580639327230259,0.5504988082869626,7,1,1.2724644584993634,0,0,0.8122113564889635,1.4669926650366858,67,0.24633215528940808,0,-0.06134999999999954,0
XLMUSDT,2026-02-07T12:59:59Z,SHORT,BOS,1.922495205753964,0.463244453908014,0.3793103448275905,6,0.8272222391214634,0.3639777852134402,10,1,0.9595777973809012,0,0,0.6948666808620256,1.3149655604257924,70,-0.6095473916557667,-1,-1.0691428571428574,0
TRXUSDT,2026-02-07T00:59:59Z,LONG,BOS,0.41291091488055126,0.26506711792131504,0.714285714285737,5,0.4417785298688257,0.08835570597375533,23,0,0.6184899418163364,0,1,1.3253355896064771,0.5482456140350882,9,-0.4165667733762191,2,1.83444,1
BLURUSDT,2026-02-08T18:59:59Z,SHORT,BOS,1.3797115303095653,1.35440403855115,0.21568627450980873,0,1.4642205822174552,0.5124772037761169,16,1,1.866881242327267,0,0,1.0981654366631042,1.4851485148514934,90,0.23186946186939833,0,-0.06059999999999966,0
DOGEUSDT,2026-02-08T22:59:59Z,SHORT,CHoCH,1.3058962633536018,0.2781683062677403,0.42574257425742684,0,0.4609646218151245,0.1589533178672786,21,1,0.8027142552297872,1,0,0.7868189234430649,1.0213556174559009,0,-0.4784454439578537,-1,-1.0888181818181815,0
ETHUSDT,2026-02-08T18:59:59Z,SHORT,BOS,1.4151740837500248,0.9392398051503037,0.18877079482439155,0,1.1922165422569384,0.0081495861618327,16,1,1.4696420378490402,0,0,0.49984128459192173,0.6956258742580742,272,0.1671248647895054,0,-0.12937989130434557,0
XRPUSDT,2026-02-09T12:59:59Z,SHORT,BOS,1.5040297874558117,0.394460880952912,0.27027027027027384,1,0.6415929991402837,0.42297612535914353,9,1,0.8792200358589116,0,0,0.8364471692495432,1.2460176991150327,12,0.6547743374731532,-1,-1.0729301136363643,0
SOLUSDT,2026-02-09T15:59:59Z,SHORT,BOS,1.574780428311949,0.6831284281271442,0.4101123595505638,1,0.788225109377475,0.24022098571503553,8,1,1.3362292330399144,0,0,0.7431836745559032,1.1560018682858417,11,1.959204381375577,-1,-1.0785545454545458,0
SOLUSDT,2026-02-10T01:59:59Z,SHORT,BOS,1.428779959766965,0.2997247671436936,0.18461538461539,2,0.42933547725989757,0.032402677529042356,0,1,0.5265435098470477,0,0,0.7938655994616874,1.1273438398711488,27,-0.5810834634056206,2,1.9215663265306113,1
XLMUSDT,2026-02-10T01:59:59Z,SHORT,CHoCH,1.2170469718285937,0.05151479459390441,0.33333333333334875,2,0.20605917837563192,0.20605917837564625,0,1,0.30908876756345505,1,0,1.0818106864721213,1.3133208255159592,0,-0.7347152823082432,1,0.9321714285714292,1
DOGEUSDT,2026-02-10T17:59:59Z,SHORT,BOS,1.1250859211603188,0.306028321325318,0.2799999999999889,2,1.0328455844729565,0.4590424819879703,11,1,0.7172538781061994,0,0,0.8607046537274526,0.9572431397574962,38,0.08890527607546846,1,0.9066799999999998,1
XRPUSDT,2026-02-10T17:59:59Z,SHORT,BOS,1.2273738528459162,0.4571057934663827,0.12213740458014025,2,1.1803744540144652,0.4918226891726863,11,1,0.7579855562543732,0,0,0.44553349489760197,0.5390269513475546,38,0.43680429911871743,3,2.8351324675324636,1
XRPUSDT,2026-02-11T00:59:59Z,SHORT,BOS,1.2310714539283805,0.13984084948959308,0.22641509433961512,2,0.8914854154960944,0.2563748907308991,21,1,0.6176304185789994,0,0,0.9847126484891392,1.199091812118626,48,-1.1269312445590005,2,1.9263431952662717,1
TRXUSDT,2026-02-13T03:59:59Z,LONG,BOS,0.2924618849106222,0.9772773059782346,0.6923076923076759,4,1.0994369692255055,0.8551176427310315,22,0,1.5880756222146566,0,1,1.2215966324728442,0.3584229390681007,2,2.0265904378776964,-1,-1.2503999999999997,0
TRXUSDT,2026-02-14T13:59:59Z,LONG,BOS,0.2562517043828259,0.8256163050349951,0.7777777777778052,6,0.9632190225408022,0.41280815251742115,11,0,1.2384244575524164,0,1,1.23842445755234,0.3181336161187545,39,0.9878897818835883,-1,-1.2822000000000138,0
ZECUSDT,2026-02-16T00:59:59Z,SHORT,BOS,2.6191632439340107,0.6502921833736762,0.16504854368932645,0,1.0951600754200614,0.19757368146765614,16,1,0.8086128155431282,0,0,0.7497332415958071,1.9089182796415236,208,-0.6270888431813278,2,1.9542528795811516,1
VANRYUSDT,2026-02-16T09:59:59Z,SHORT,CHoCH,1.3085742265283782,0.26671099586233704,0.35555555555555535,1,0.736630369524542,0.6985287986870715,6,1,1.1430471251242889,1,0,1.0160418889993728,1.3168724279835424,0,1.4890227352634273,1,0.9323562500000002,1
XLMUSDT,2026-02-15T22:59:59Z,SHORT,BOS,1.55434572626623,0.1529982193792988,0.41176470588234526,0,0.7267415420516534,0.4207451032930558,19,1,0.6502424323619934,0,0,1.1857362001895286,1.8224573780129285,30,-0.6278357187418844,0,-0.04938387096774207,0
DOGEUSDT,2026-02-17T12:59:59Z,SHORT,BOS,1.1493486936530706,0.4667315062225044,0.2970297029702927,2,0.5195690352288294,0.17612509668772947,10,1,0.8894317382730673,0,0,0.8101754447635922,0.9256464433041595,101,-0.2237085622231858,-1,-1.0979293478260865,0
BNBUSDT,2026-02-18T15:59:59Z,SHORT,CHoCH,0.7349360661250909,1.0921987843055467,0.10472972972972922,3,1.1741690784623524,0.6978552070106294,11,1,1.311524706508891,1,0,0.9747818764592939,0.7102731323045097,0,0.943093544655075,0,-0.12671181818181884,0
BNBUSDT,2026-02-19T06:59:59Z,SHORT,BOS,0.9442754852950535,1.32194482606994,0.17593436645397073,3,1.587036019611189,0.67940590662559,19,1,1.9258611875149179,0,0,0.8619852717135973,0.8019337873813789,8,2.5977705623281406,2,1.8891712830957224,1
ZECUSDT,2026-02-19T12:59:59Z,SHORT,BOS,1.7012062432699142,0.4659576538901432,0.19860627177699286,4,0.5279323172154281,0.1400168319571377,10,1,0.658767717568808,0,0,0.7781263284175153,1.3119702774875137,5,-0.47593437728735005,0,-0.06859911504424805,0
ETHUSDT,2026-02-20T00:59:59Z,SHORT,BOS,0.8004290209667841,0.1469196185561818,0.19927862939585278,4,0.5697145033969132,0.08147943911194375,12,1,0.7115015588594338,0,0,0.5389191248349025,0.429408336656129,18,-0.10209739286975703,1,0.7911092857142823,1
XRPUSDT,2026-02-20T15:59:59Z,SHORT,BOS,0.9736818436985413,1.5582414561125557,0.23826714801444576,5,1.8624695499250077,0.8088015176965139,13,1,2.055394682586575,0,0,1.0017266503580808,0.9579903491342653,123,3.992691410113599,-1,-1.094646666666666,0
TRXUSDT,2026-02-21T07:59:59Z,SHORT,CHoCH,0.24547979444648899,0.28627231429386935,0.3333333333334567,6,0.5725446285877387,0.14313615714701414,5,-0,0.4294084714408835,1,0,1.5744977286164406,0.38596491228069824,0,-0.7499185006943306,-1,-1.2338818181818203,0
BLURUSDT,2026-02-21T14:59:59Z,SHORT,BOS,1.0970824555638943,0.7389434790888794,0.1499999999999948,6,0.7389434790888794,0.17386905390327373,12,1,0.8693452695163234,0,0,1.1736161138470411,1.2771996215704797,6,-0.5203179248051705,2,1.9309333333333332,1
NEARUSDT,2026-02-22T06:59:59Z,SHORT,BOS,1.0838608460900958,0.35899909086061293,0.3000000000000111,0,0.5384986362909194,0.35899909086061293,5,1,0.8974977271515323,0,0,1.1667470452969821,1.2572533849129497,144,-0.5157501205504817,1,0.9291153846153841,1
VANRYUSDT,2026-02-23T00:59:59Z,SHORT,BOS,1.0113101508740905,1.3474629956355881,0.22772277227722465,0,1.4397549816380217,0.5722103132151235,21,1,1.864298117249226,0,0,0.7383358880195008,0.7359705611775549,29,2.6714829231429515,6,5.8819125,1
BLURUSDT,2026-02-22T15:59:59Z,SHORT,BOS,0.8891240914691221,0.6216947942352195,0.21428571428572846,0,0.6216947942352195,1.9781197998393507,13,1,0.7912479199357482,0,0,1.9781197998393507,1.7491254372813574,31,1.0901182966593674,2,1.9499457142857142,1
ZECUSDT,2026-02-23T06:59:59Z,SHORT,CHoCH,1.4523406497331324,3.1517531486228543,0.13739837398373952,1,3.1517531486228543,0.4544940921199778,1,1,3.6537760346900185,1,0,0.6921380618559171,0.9612211221122163,0,2.005595212493691,-1,-1.094330901287553,0
XLMUSDT,2026-02-17T12:59:59Z,SHORT,BOS,0.9641261434023696,0.502280230159207,0.10000000000001666,2,0.5650652589291013,0.06278502876989434,10,1,0.6278502876990131,0,0,2.825326294645559,2.7092113184828444,69,-0.2507580708628158,2,1.96818,1
NEARUSDT,2026-02-23T06:59:59Z,SHORT,BOS,1.2068448049149985,3.0563371322824984,0.05263157894736842,1,3.0563371322824984,0.16979650734902768,1,1,3.226133639631526,0,0,1.697965073490277,1.9762845849802388,164,3.8102012143145987,1,0.95516,1
VANRYUSDT,2026-02-26T12:59:59Z,SHORT,BOS,1.207304757429447,0.5664039688556761,0.1509433962264185,4,0.6707415420659336,0.22358051402196927,10,1,0.7899844828776583,0,0,0.909227423689383,1.0888968225633753,12,-0.5497937570081471,3,2.919447540983607,1
BLURUSDT,2026-02-26T08:59:59Z,SHORT,BOS,1.2039081555193725,0.44310909862042047,0,4,0.6848049705952016,0.24169587197478115,6,1,0.6848049705952016,0,0,0.9667834878991107,1.1544011544011574,7,-0.9636567069935889,3,2.9241375,1
DOGEUSDT,2026-02-26T12:59:59Z,SHORT,BOS,1.406089685661637,0.3176899113686434,0.2857142857142857,4,0.3971123892108042,0.3104696861102679,11,1,0.5559573448951259,0,0,0.8592068057470282,1.201413427561848,36,-1.0505752305408618,2,1.9264882352941184,1
NEARUSDT,2026-02-27T01:59:59Z,LONG,BOS,1.7765333984993883,0.3999246928385182,0.8461538461538448,4,0.7998493856770476,0.4999058660481617,22,1,0.6498776258626046,0,1,1.3997364249348525,2.5225225225225243,37,-1.321467031550027,0,-0.0356785714285714,0
VANRYUSDT,2026-02-28T05:59:59Z,SHORT,CHoCH,1.2579110215758122,0.2143598426308969,0,6,0.35216259860790583,0.673702362554238,4,1,0.35216259860790583,1,0,0.9033736225159151,1.1313518696069036,0,-0.47393730352317787,5,4.923949152542373,1
XRPUSDT,2026-02-28T10:59:59Z,SHORT,BOS,1.292899378879505,0.5144667703970245,0.3502824858757043,6,0.6960432775959823,0.048420401919714896,9,1,1.071301392473813,0,0,0.8110417321553052,1.0392430587870216,311,0.7752025115862226,-1,-1.0873014925373143,0
VANRYUSDT,2026-02-28T13:59:59Z,SHORT,BOS,1.8136264774198687,0.023099348626776667,0.4285714285714197,6,0.6352320872365538,0.3118412064615802,10,1,0.646781761549947,0,0,0.8777752478177839,1.5738248084489654,6,-0.0016006730220794107,-1,-1.0578855263157891,0
TRXUSDT,2026-02-28T17:59:59Z,SHORT,BOS,0.2792763600810387,2.181777921478763,0.05555555555557954,6,2.181777921478763,0.1283398777340323,8,-0,2.310117799212866,0,0,1.283398777340394,0.3562522265763966,31,0.4010494283146408,-1,-1.2533300000000138,0
BLURUSDT,2026-02-28T18:59:59Z,SHORT,BOS,1.6429782281595597,0.6798758848113324,0,6,2.298627991504995,1.2302516010871887,9,1,0.7446259690790763,0,0,0.06475008426774381,0.10251153254740741,4,-0.13644218706719377,-1,-1.878650000000036,0
BTCUSDT,2026-03-01T13:59:59Z,SHORT,BOS,0.9562799748491115,0.2706079217168936,0.17696328279711382,0,0.7486356482004922,0.021262501659726464,12,1,0.48586709096791525,0,0,0.8221395485968844,0.7806071788543264,51,-1.1775120950503288,-1,-1.115994865891562,0
TRXUSDT,2026-03-01T13:59:59Z,SHORT,BOS,0.2319675653210868,0.3067198518745479,0,0,0.766799629686455,0.15335992593727396,9,-0,0.766799629686455,0,0,0.7667996296863698,0.1775568181817986,56,-0.8033366768424525,-1,-1.5075800000000559,0
VANRYUSDT,2026-03-01T18:59:59Z,SHORT,BOS,1.5039073018257847,0.378341166362773,0.6862745098039214,0,0.43238990441459263,0.5810239340571056,17,1,1.3782428203215134,0,0,1.1079991300624032,1.6555622854835548,37,3.3991959114992287,1,0.9463378048780491,1
BLURUSDT,2026-03-01T18:59:59Z,SHORT,BOS,1.5221914453659806,0.839227885769738,0.13333333333333874,0,0.8727970012005261,0.4363985006002572,17,1,1.0070734629236902,0,0,1.0406425783544666,1.5632879475541996,36,3.94553237042945,1,0.9431290322580641,1
BTCUSDT,2026-03-01T18:59:59Z,SHORT,BOS,1.0453644860816167,0.2259443332477491,0.5379672560072342,0,0.3481955279310923,0.8827110395997855,17,1,0.7536165617226128,0,0,1.595470880898095,1.661799791814442,56,0.005604832110985354,0,-0.0541581485587582,0
DOGEUSDT,2026-03-01T21:59:59Z,SHORT,BOS,1.504720853259212,0.6579951409302646,0.251851851851846,0,0.738416769266184,0.30706439910077865,20,1,0.9869927113953868,0,0,1.272123939131832,1.8931563486018992,117,0.333935651990006,-1,-1.0482396551724136,0
ZECUSDT,2026-03-01T22:59:59Z,SHORT,BOS,2.0550326045291047,0.5228961049473435,0.8676056338028176,0,0.17203508214717575,0.20598937467622527,21,1,0.8035849231874778,0,0,1.1023826974431072,2.2574514439345634,15,-0.5769925641455667,-1,-1.0405679671457904,0
XLMUSDT,2026-03-02T09:59:59Z,SHORT,CHoCH,1.3485554603243124,0.6267844378232283,0.34999999999999376,1,0.6267844378232283,0.04821418752487196,6,1,0.9642837504972651,1,0,0.8678553754475613,1.1605415860735164,0,-1.3071759405185532,0,-0.07754999999999897,0
TRXUSDT,2026-03-02T22:59:59Z,LONG,CHoCH,0.22175755166824992,0.47803137408544477,0.749999999999896,1,0.47803137408544477,0.15934379136181492,21,0,0.6373751654473482,1,1,1.4340941222565113,0.31835868411744317,0,-0.718985348373581,0,-0.28269999999999623,0
BLURUSDT,2026-03-02T22:59:59Z,SHORT,CHoCH,1.3445647293054672,0,0.6666666666666795,1,0.11061999687771301,0.1106199968777258,21,1,0.3318599906331518,1,0,1.7330466177509138,2.326732673267335,0,-0.7150633581552148,1,0.9620191489361704,1
BTCUSDT,2026-03-03T12:59:59Z,SHORT,BOS,1.071650475101975,0.4974844397192481,0.36449317404122095,2,0.7514770441588202,1.073220611218021,9,1,1.182484614583138,0,0,1.5781115934513734,1.6776733872930303,96,0.2956476389859295,-1,-1.054345721915645,0
DOGEUSDT,2026-03-02T22:59:59Z,SHORT,BOS,1.4999930165110789,0.37536914728630294,0.23999999999999927,1,0.4036988942513162,0.1487311715662656,21,1,0.5311827555938367,0,0,1.2748386134252039,1.9007391763463528,142,-0.4609000230894298,2,1.9540499999999998,1
SOLUSDT,2026-03-04T12:59:59Z,LONG,BOS,1.6854253743004712,0.5374174996286594,0.5796460176991147,3,0.8585572250165106,1.1141582309374565,9,1,1.4811750599521487,0,1,1.4811750599521394,2.533064335350808,17,3.028767248513526,1,0.9637699115044246,1
TRXUSDT,2026-03-06T08:59:59Z,LONG,BOS,0.2869555094070309,0.4867123992770976,0.6666666666666461,5,0.7300685989156126,0.24335619963851501,6,0,1.0951028983734525,0,1,0.8517466987348701,0.24492652204337945,81,0.12735449482820163,1,0.6318428571428458,1
VANRYUSDT,2026-03-06T13:59:59Z,SHORT,BOS,1.3525684871511976,0.1892369216505872,0.8101265822784869,5,0.21835029421220728,0.029113372561632687,12,1,1.149978216184327,0,0,1.0044113533762014,1.3545347467609048,29,1.5344896441461102,2,1.934956521739131,1
XRPUSDT,2026-03-06T13:59:59Z,SHORT,CHoCH,0.9126617884748636,0.4574602375393587,0.3865546218487335,5,0.5757689196616106,0.06309796379852499,12,1,0.9385822115031643,1,0,0.9070332296038843,0.8234872896526919,0,0.958234280315542,3,2.8928086956521724,1
VANRYUSDT,2026-03-07T09:59:59Z,SHORT,BOS,1.2249499589488178,0.25057086518748056,0,6,0.3173897625708019,0.23386614084164659,8,1,0.5178464547207806,0,0,1.770700780658169,2.160619649408891,49,-0.2424438351484923,1,0.959045283018868,1
BTCUSDT,2026-03-08T11:59:59Z,LONG,BOS,0.5578485675303616,0.37520113924603266,0.4802449945479446,0,0.5482608769160444,0.023546083071416982,9,1,1.1416274675223284,0,1,0.8398456109242249,0.46994397842133423,2,1.2009195798864798,-1,-1.1908121889684251,0
DOGEUSDT,2026-03-08T19:59:59Z,SHORT,CHoCH,0.8788026785575491,0.5116510210321763,0.6074074074074066,0,0.6779376028676412,0.5628161231353922,12,1,1.7268221959836108,1,0,1.3430839302094828,1.1733154542407076,0,3.0352796149906847,1,0.9239942857142864,1
BTCUSDT,2026-03-10T12:59:59Z,LONG,BOS,0.9728863163591006,0.44098036515859024,0.46713054457619074,2,0.49478008600022094,0.26712339102564636,8,1,1.0591901808714212,0,1,0.8188721627806556,0.8005229575523413,49,0.9180647295359413,-1,-1.111726507136262,0
ZECUSDT,2026-03-12T10:59:59Z,SHORT,BOS,1.4642303451992835,1.1505267078514902,0.25041736227045036,4,1.4759614052152006,0.0854676982975363,3,1,1.9690442800086965,0,0,0.5456783814381343,0.782096584216724,172,0.7325958238693,0,-0.11507530120481951,0
BNBUSDT,2026-03-12T14:59:59Z,LONG,BOS,0.6012038407626417,0.5025164231188907,0.7823529411764999,4,0.6785247134498841,0.13009308415767823,10,1,0.8672872277178645,0,1,0.8749397620800741,0.5281717251043178,100,0.35078948426846435,0,-0.17039912536443397,0
WLDUSDT,2026-03-14T04:59:59Z,SHORT,BOS,1.4141832497725044,0.7931822073042226,0.34374999999999595,5,1.1104550902259205,0.47590932438252476,22,1,1.2690915316867584,0,0,0.3767615484694969,0.5245720596355486,348,0.012784738165352277,5,4.831931578947365,1
ZECUSDT,2026-03-14T09:59:59Z,SHORT,CHoCH,1.3212941128255236,0.14685108250333456,0.2846153846153856,6,0.6681724253901603,0.5690479447004175,8,1,0.47726601813583475,1,0,0.7672969060799134,1.0049526373996265,0,-0.665183927513252,-1,-1.0902564593301434,0
ADAUSDT,2026-03-14T21:59:59Z,SHORT,BOS,0.7494562163677033,0.10295530564962982,0.5454545454545409,6,0.36034356977376153,0.25738826412410315,19,1,0.5662541810730212,0,0,1.1325083621460423,0.846479415159669,97,-0.9043636057735236,-1,-1.1070227272727282,0
ETHUSDT,2026-03-14T13:59:59Z,SHORT,BOS,0.8829000605816767,0.38460573739148163,0.25880661394679705,6,0.7160679469667722,0.2909197244371441,9,1,0.7620891463127446,0,0,0.661828676308986,0.5806575658527171,58,-0.4375916464755428,-1,-1.1556966887417228,0
XLMUSDT,2026-03-14T12:59:59Z,SHORT,BOS,1.0852951777333348,0.33792480956668547,0.4285714285714257,6,0.45056641275556497,0.05632080159445539,5,1,0.7884912223222348,0,0,1.0137744287000408,1.0948905109489198,83,-0.6675656003366425,-1,-1.0828999999999989,0
TRXUSDT,2026-03-15T01:59:59Z,LONG,BOS,0.26242954119042833,0.12795656868825198,0.5000000000000463,0,0.639782843441331,0.255913137376575,0,1,0.767739412129583,0,1,1.15160911819441,0.3027245206861796,13,-0.2673187561901326,-1,-1.2965999999999962,0
SOLUSDT,2026-03-15T13:59:59Z,LONG,BOS,0.6323963423664972,1.0923951971032388,0.6391752577319495,0,1.1282114330738298,0.37607047769129354,2,1,1.7370874445740023,0,1,0.19698929783828814,0.1254705144291085,40,2.280775134753748,2,1.2812999999999963,1
ZECUSDT,2026-03-15T11:59:59Z,SHORT,BOS,1.4884396181091821,0.32499869257181163,0.34297520661156544,0,0.47847029739738484,0.054166448761970035,10,1,0.7282378111331212,0,0,1.552771531176423,2.294863242161452,26,-0.20308726329052273,-1,-1.0399180232558138,0
NEARUSDT,2026-03-15T04:59:59Z,LONG,BOS,0.9451464945885635,1.1660951952918095,0.8695652173913001,0,1.5547935937224242,1.088355515605697,2,1,1.7880126327807966,0,1,2.0212316718391516,1.9388516032811351,86,2.1355295738504734,2,1.9521807692307693,1
BTCUSDT,2026-03-17T03:59:59Z,LONG,BOS,0.843896131714175,0.6825099951357245,0.7773301694166995,2,1.4789735619910636,0.20370990565033378,0,1,1.425481618894743,0,1,0.20175902301975385,0.17241557801097804,31,2.2637690158987978,-1,-1.521294596069907,0
NEARUSDT,2026-03-17T02:59:59Z,LONG,BOS,1.46671895534085,0.5543039633604292,0.45161290322580483,1,0.6466879572538341,0.739071951147239,21,1,1.4319519053477807,0,1,1.0162239328274536,1.5047879616963078,129,1.1124579993494284,-1,-1.0591090909090908,0
BLURUSDT,2026-03-19T03:59:59Z,SHORT,BOS,1.1289373447873832,0.1790376453707311,0.28571428571427154,4,0.44759411342682,0.22379705671339448,2,1,0.6266317587975356,0,0,1.1637446949096824,1.3071895424836417,22,-0.5424912986270077,1,0.9318499999999991,1
ZECUSDT,2026-03-19T22:59:59Z,LONG,BOS,1.8902376902450737,0.48571688204632885,0.5532407407407414,4,0.7351987350973948,0.45480762591610485,21,1,0.953771332018243,0,1,1.238578049218132,2.374201193448734,52,-0.030406605442664082,1,0.961392513368984,1
BNBUSDT,2026-03-20T23:59:59Z,LONG,BOS,0.6044853968440003,0.5011471773548865,0.6925795053003562,5,0.5037171628797809,0.249288595914996,22,1,0.727305903545803,0,1,0.7041760338217238,0.42696419110543354,304,-0.8167141062817103,0,-0.2107905109489044,0
ZECUSDT,2026-03-20T23:59:59Z,LONG,BOS,1.937549439942828,0.3115036859534946,0.6142322097378295,5,0.3572489824921212,0.37685410958009785,22,1,0.5816187702768053,0,1,0.8299503800579088,1.6192783373709048,77,-0.9094884267790564,-1,-1.0548803149606298,0
ETHUSDT,2026-03-20T23:59:59Z,LONG,BOS,0.9819689125617111,0.33934220541064836,0.35075720566682494,5,0.33934220541064836,0.49767039317190476,22,1,0.967456120439563,0,1,1.424481068395165,1.403472826922107,101,-0.1351892952580668,-1,-1.0634266423357657,0
BLURUSDT,2026-03-21T15:59:59Z,SHORT,BOS,0.7258236939239063,0.5609140144390564,0.09090909090908804,6,0.6310282662439354,0.8413710216585725,12,1,0.7712567698536934,0,0,1.2620565324878708,0.9118541033434631,80,-0.6844567689194472,3,2.9034,1
VANRYUSDT,2026-03-22T08:59:59Z,LONG,CHoCH,1.5281353491406007,1.687358648004791,0.8210526315789465,0,1.687358648004791,0.2487772365648046,2,1,2.0551163020571193,1,1,1.0059253478490129,1.5778758059043128,0,1.1490206591954477,-1,-1.0563387096774193,0
BLURUSDT,2026-03-22T07:59:59Z,SHORT,BOS,0.7848504157255529,0.13327700204318205,0.5000000000000434,0,0.13327700204318205,0.46646950715116026,6,1,0.2665540040863872,0,0,1.5993240245182307,1.2539184952977906,98,-0.22693810768827533,2,1.9296249999999993,1
ADAUSDT,2026-03-23T02:59:59Z,SHORT,BOS,0.8077158913093158,0.8361940604332118,0.3793103448275809,0,0.8853819463410414,0.19675154363134556,19,1,1.4264486913272212,0,0,0.639442516801839,0.5128205128205001,36,-0.030946056607981134,3,2.8265999999999956,1
ADAUSDT,2026-03-24T04:59:59Z,SHORT,BOS,1.1520705766164163,0.13415801822100346,0.09090909090908174,2,1.073264145768009,0.26831603644198826,2,1,0.737869100215491,0,0,0.23477653188674208,0.26717557251907575,67,-0.4119979548469447,2,1.6645428571428469,1
WLDUSDT,2026-03-24T12:59:59Z,SHORT,BOS,1.1934977967056273,0.44763818323977983,0.24999999999999423,2,0.6319597881032092,0.3949748675645039,11,1,0.6319597881032092,0,0,1.6588944437709077,1.9650655021833976,13,-0.11794722935395176,0,-0.0458000000000002,0
VANRYUSDT,2026-03-26T15:59:59Z,LONG,BOS,1.2157800173081272,0.319217549816222,0.44642857142857173,4,0.3800208926383539,0.7448409495711847,14,1,0.8512467995099122,0,1,1.0032551565652617,1.2253991830672128,65,-0.43563748724253454,0,-0.07344545454545445,0
BLURUSDT,2026-03-26T20:59:59Z,SHORT,BOS,0.7417111459430308,0,0.2727272727272871,4,0.8889453299267179,1.4074967723839809,17,1,0.8148665524328527,0,0,1.555654327371763,1.1462882096069782,205,1.1205574013367725,4,3.9242857142857135,1
WLDUSDT,2026-03-29T01:59:59Z,SHORT,CHoCH,1.756819959344828,0.5927068852110791,0.3181818181818113,6,0.8255560186868559,0.06350430912976267,23,1,0.9313965339031074,1,0,0.571538782167817,0.9897360703812244,0,-0.6256637586958251,0,-0.090933333333334,0
VANRYUSDT,2026-03-29T10:59:59Z,LONG,CHoCH,0.9432312770146312,0.6138884595006029,0.4025974025974007,0,0.634351408150626,0.08185179460007447,9,1,1.5756470460515621,1,1,0.7571291000507643,0.7184466019417587,0,0.9930625265045572,-1,-1.1245702702702682,0
ETHUSDT,2026-03-29T11:59:59Z,SHORT,CHoCH,0.535715721668852,0.3095686688701788,0.5465753424657581,0,0.3095686688701788,0.3235974605108301,10,1,0.6827345265112775,1,0,1.0035262286939817,0.5367146858743507,0,-0.3762263250034966,0,-0.1676868592730659,0
DOGEUSDT,2026-03-29T11:59:59Z,SHORT,CHoCH,0.6790188820958133,0.4549422626228275,0.4814814814814758,0,0.4549422626228275,0.22747113131141375,10,1,0.8773886493440147,1,0,0.9261324631964638,0.6269247690277179,0,-0.48329098809460813,0,-0.14355789473684186,0
TRXUSDT,2026-03-29T10:59:59Z,LONG,BOS,0.47794819459033844,0.32691827643354937,0.7500000000000231,0,0.5884528975803962,0.5230692422936573,9,1,0.784603863440504,0,1,1.1115221398740533,0.5327483547477215,27,0.8105668830408274,2,1.829664705882351,1
XLMUSDT,2026-03-30T09:59:59Z,LONG,BOS,0.929818375269364,1.181844893722114,0.6785714285714239,1,1.181844893722114,0.995237805239694,8,1,1.741666159169443,0,1,1.5550590706870229,1.4619883040935846,109,1.9649135594513163,0,-0.06155999999999926,0
BLURUSDT,2026-03-30T21:59:59Z,SHORT,BOS,0.7889690779778382,0.8899778563904348,0.07692307692307487,1,0.8899778563904348,0.7416482136587,18,1,0.9641426777563022,0,0,1.1866371418539303,0.929692039511914,302,0.25402963002708917,0,-0.09680624999999975,0
BNBUSDT,2026-03-30T22:59:59Z,SHORT,BOS,0.6086435201613976,0.6455787261873045,0.19770773638966735,1,0.7531751805518451,0.4545950196901938,18,1,0.9387790643306722,0,0,1.089414100441023,0.6600391134289365,170,-0.8625230101969376,0,-0.1363555555555571,0
ADAUSDT,2026-03-31T01:59:59Z,SHORT,BOS,1.0509903132102136,0.7783096568434684,0.27272727272726816,1,0.9339715882121664,0.1945774142108671,18,1,1.2842109337917207,0,0,0.8561406225278174,0.8910490076954263,82,-0.6964518623456637,-1,-1.101704545454545,0
ZECUSDT,2026-03-31T04:59:59Z,LONG,CHoCH,1.6427222827966805,0.5054233932084717,0.41682600382409163,2,0.5738661443721245,0.4501427095762927,2,1,1.3767522637918403,1,1,0.792356465394534,1.314008818265155,0,3.1701033144756217,0,-0.06849269102990053,0
WLDUSDT,2026-03-31T12:59:59Z,SHORT,BOS,1.3875343887430445,0.31842541605208796,0.03703703703703323,2,0.6899217347795338,0.15921270802604398,10,1,0.7164571861172053,0,0,0.5572444780911613,0.7658643326039354,59,-0.86555505971606,-1,-1.1182142857142863,0
BTCUSDT,2026-03-31T12:59:59Z,SHORT,BOS,0.8112730625318285,1.2179044579579505,0.1370427948352577,2,1.4900432378114594,0.33365381331583815,9,1,1.7266710665298908,0,0,1.0656827115175525,0.8542334305027818,2,1.8113286931362949,-1,-1.106057618639472,0
SOLUSDT,2026-03-31T14:59:59Z,SHORT,BOS,1.1938269529933065,1.7678360949676428,0.19665271966527145,2,1.9966148837281597,0.21837975290777556,9,1,2.4853695688074473,0,0,0.9359132267475652,1.091305929428873,10,3.2151333297836997,1,0.9182299999999992,1
VANRYUSDT,2026-04-02T03:59:59Z,LONG,BOS,1.0145052380429807,1.9198323442916037,0.8333333333333365,3,2.1456949730317887,0.16939697155514677,20,1,2.5974202305121583,0,1,0.05646565718505437,0.058559437829404606,14,4.069348939727129,-1,-2.5361999999997957,0
WLDUSDT,2026-04-01T21:59:59Z,SHORT,CHoCH,1.3638101855140883,0.3701896194684092,0.19230769230769312,3,0.5552844292026065,0.13221057838157366,18,1,0.6874950075841801,1,0,0.9783582800236392,1.3242662848961995,0,-0.7368984853789031,2,1.9334378378378374,1
ADAUSDT,2026-04-02T14:59:59Z,SHORT,BOS,1.356864036279743,0.4315311274232332,0.3421052631578938,4,1.2329460783521093,1.232946078352101,3,1,1.1712987744345023,0,0,0.061647303917607185,0.08227067050596698,139,0.27023419222948014,19,17.91935000000003,1
SOLUSDT,2026-04-02T14:59:59Z,SHORT,BOS,1.115140229901037,0.4025418390547555,0.10144927536230929,4,0.7130741148970122,0.24152510343285002,12,1,0.7935824827079568,0,0,1.2651314941721028,1.399669169105477,61,-0.23085755132422164,-1,-1.0650009090909094,0
ZECUSDT,2026-04-02T21:59:59Z,LONG,BOS,1.7857545968646582,0.09478772069627964,0.29356060606060813,4,0.3583438221444774,0.6265237148461414,20,1,1.220680890917953,0,1,0.8646489644002187,1.5539950970208207,66,0.07258738706477018,-1,-1.057215240641711,0
XRPUSDT,2026-04-04T07:59:59Z,LONG,BOS,0.4314073523677734,0.4742071498193456,0.7727272727272957,6,0.7727820219278123,0.05268968331325195,6,1,0.7727820219277733,0,1,0.40395423873497066,0.1748517561198091,62,-0.3676149936660644,-1,-1.5140217391304418,0
ADAUSDT,2026-04-04T03:59:59Z,SHORT,BOS,0.9041058949923905,0.4509030270149507,0,6,0.4959933297164533,0.3607224216119581,0,1,0.676354540522426,0,0,1.1272575675373768,1.0146103896103904,184,-0.7383371364283761,0,-0.08870399999999992,0
DOGEUSDT,2026-04-04T03:59:59Z,SHORT,BOS,0.5790135015201222,0.24650835273456959,0.42424242424241404,6,0.3602814386120673,0.07584872391832302,2,1,0.625751972326211,0,0,2.123764269713124,1.227128300646429,7,-0.9070402903174749,-1,-1.0740419642857146,0
ADAUSDT,2026-04-05T15:59:59Z,SHORT,BOS,0.6862163318526672,0.659667915360166,0.4090909090909057,0,0.7796075363347266,0.9595169677966006,6,1,1.3193358307202987,0,0,1.139426399258458,0.7777322963569435,214,1.2305368606745408,0,-0.11572105263157817,0
BNBUSDT,2026-04-07T12:59:59Z,SHORT,BOS,0.5623557404609837,0.1667745675140888,0.3804347826087138,2,0.3395053695822812,1.2269843181394886,11,1,0.5479735789749262,0,0,2.1293538530818705,1.195172506017648,59,0.12589011597572536,-1,-1.0760029370629374,0
SOLUSDT,2026-04-07T17:59:59Z,SHORT,BOS,0.7865443630689174,0.25681284759458856,0.4333333333333223,2,0.5457273011384692,0.9630481784796557,11,1,0.9630481784796329,0,0,1.7013851153140378,1.332495285983661,180,1.0692974488266194,-1,-1.0682424528301886,0
BNBUSDT,2026-04-08T09:59:59Z,SHORT,BOS,0.6228412519493721,0.11528068565612572,0.5776892430278634,3,0.2777216518079203,0.010480062332364235,8,1,0.6576239113564515,0,0,0.9327255475812509,0.5799367934056536,80,-0.02569444769073918,2,1.846210674157301,1
VANRYUSDT,2026-04-08T18:59:59Z,LONG,BOS,1.322339974079538,0.5099169554881616,1,3,0.6090674746108617,0.22662975799474672,17,1,0.6090674746108617,0,1,1.3314498282191092,1.7749244712990997,77,-0.21289128511510264,-1,-1.0500063829787232,0
BTCUSDT,2026-04-08T18:59:59Z,LONG,BOS,0.775626820408284,0.513070600574364,0.8399839455839792,3,0.7131480481417386,0.25377338500165014,17,1,0.8490019980631167,0,1,1.4048822855632186,1.0957252392099528,69,-0.5637370659261338,-1,-1.081437379681874,0
WLDUSDT,2026-04-10T01:59:59Z,SHORT,BOS,1.541765170472038,0.267918861035223,0.2758620689655047,5,0.511481461976325,0.6332627624468625,0,1,0.7063315427291985,0,0,0.7794003230115075,1.1922503725782134,46,-0.7713965389733067,-1,-1.0761875000000019,0
NEARUSDT,2026-04-11T07:59:59Z,SHORT,BOS,1.0552182220246014,0.42591967506481637,0.4,6,0.42591967506481637,0.21295983753241607,6,1,0.7098661251080273,0,0,1.6326920877484707,1.7151379567487048,63,0.3539140987701897,-1,-1.0531739130434778,0
BTCUSDT,2026-04-12T01:59:59Z,LONG,CHoCH,0.401486049904889,0.6007380468310465,0.5650587034201067,6,0.7550235378252537,0.14333817830432546,16,1,1.3361860161702759,1,1,0.6946598510304354,0.2797442322752004,0,1.0782908191268825,-1,-1.321022450783049,0
ETHUSDT,2026-04-12T01:59:59Z,LONG,BOS,0.5784908019923083,0.6995117780881256,0.435640014342047,6,0.9298761601499551,0.18597523203001887,16,1,2.1345058523936546,0,1,0.3949103692489053,0.2296875625965515,187,2.842891910723431,-1,-1.3911366279069532,0
BNBUSDT,2026-04-12T17:59:59Z,SHORT,CHoCH,0.48112920020719496,0.5519081193500537,0.21428571428572155,0,0.6186995478064067,0.1581902252914276,13,1,0.7874357881172521,1,0,0.9807793968067392,0.4704811048717499,0,0.283922913617056,-1,-1.1919935483870994,0
ZECUSDT,2026-04-12T10:59:59Z,LONG,CHoCH,1.6285853309747225,0.29539119600081043,0.3051724137931027,0,0.29539119600081043,0.20860960169548973,9,1,0.9679485518670649,1,1,1.3050616682069827,2.135678391959797,0,-0.1755951570315451,-1,-1.0414411764705882,0
ETHUSDT,2026-04-14T11:59:59Z,LONG,BOS,0.9253390782404596,0.4385907666315932,0.6170986812187366,2,0.7703627294189542,0.04707269321948797,8,1,0.9953158883621036,0,1,0.7174059495470251,0.6686099241117152,251,-0.046523958913275584,0,-0.1346076340694014,0
TRXUSDT,2026-04-16T00:59:59Z,LONG,BOS,0.3089007123133656,0.49394051837882946,0.7999999999999667,3,1.3830334514607334,3.655159836003316,17,1,0.9878810367576589,0,1,0.4939405183787746,0.15323322096228775,5,-0.2940371339662089,-1,-1.5866400000000647,0
XRPUSDT,2026-04-17T10:59:59Z,LONG,BOS,0.9006504030090391,0.7214282165179595,0.9105691056910666,5,0.8595740452128886,0.13814582869492914,8,1,0.9439964960820016,0,1,0.8749235817345455,0.7941483803552822,98,-0.28256694840627894,5,4.88317105263158,1
BNBUSDT,2026-04-18T06:59:59Z,LONG,CHoCH,0.5809738434823819,0.200120281919961,0.19522776572670028,6,0.24014433830397747,0.005336540851194106,5,1,1.230072666201364,1,1,1.0993274153469565,0.6395727902138985,0,0.6117212389542079,-1,-1.1400189320388388,0
BLURUSDT,2026-04-18T11:59:59Z,LONG,BOS,2.089165749051367,1.8521743633944279,1,6,2.070077229676129,0.3631714438028268,2,1,2.070077229676129,0,1,0.63555002665495,1.3877874702616957,58,2.165133730414832,-1,-1.0641514285714286,0
BLURUSDT,2026-04-18T19:59:59Z,LONG,BOS,2.925272194461934,0.6979138233927169,0.3647058823529426,6,0.8013084638953414,0.025848660125655017,17,1,2.1971361106807663,0,1,0.29725959144504166,0.89043747580332,73,3.7141592190975476,1,0.8982260869565206,1
TRXUSDT,2026-04-19T11:59:59Z,LONG,BOS,0.23699527999759226,0.25580438414882933,0.8750000000000173,0,0.8953153445207962,0.767413152446346,7,1,1.0232175365951754,0,1,1.2790219207438627,0.30376670716887766,91,0.16317045585132434,6,5.699519999999984,1
ETHUSDT,2026-04-20T02:59:59Z,LONG,BOS,0.7621097868747986,0.3529791520725707,0.49503105590062574,1,0.45743802309242876,0.4476808757993357,1,1,0.9240592436371435,0,1,1.0646769546253647,0.8142393117373246,388,-0.687890363232836,1,0.8887673854447423,1
TRXUSDT,2026-04-20T08:59:59Z,LONG,CHoCH,0.4285040873841443,0.705045325167549,1,1,0.705045325167549,0.21151359755028037,1,1,0.705045325167549,1,1,1.1280725202680706,0.4848484848484819,0,-1.2763082850683467,-1,-1.1849250000000011,0
BNBUSDT,2026-04-20T08:59:59Z,LONG,BOS,0.5618425589592395,0.13106255932653726,0.23604465709729225,1,0.4216795387027439,0.6268209359094894,7,1,1.7864396673420027,0,1,1.3448158261330663,0.7573691051170596,6,1.456687396049583,0,-0.11883241525423661,0
ZECUSDT,2026-04-20T20:59:59Z,LONG,BOS,1.4294600041538024,1.0675566448834626,0.8195364238410626,1,1.0762536440271082,0.8979651615822145,18,1,1.3132468706916585,0,1,1.1327841384608535,1.6445707070707007,2,1.8010561673278138,-1,-1.0540255278310942,0
BLURUSDT,2026-04-21T00:59:59Z,LONG,BOS,3.926022605915974,0.5607767628883898,0.786259541984736,1,0.7600000865461058,0.6050486125901028,20,1,0.9666020518207715,0,1,1.0846603176920113,4.38936996118244,5,0.2780725316349329,1,0.9787959183673469,1
VANRYUSDT,2026-04-21T02:59:59Z,LONG,BOS,1.1286894334707678,0.6659144418664853,0.4038461538461577,2,1.1415676146282505,0.23782658638088955,0,1,1.6489309989074716,0,1,0.23782658638088955,0.2719361856417741,171,1.7181509843818092,-1,-1.3302599999999944,0
NEARUSDT,2026-04-21T04:59:59Z,SHORT,BOS,0.9303558862325142,0.23797582978565246,0.2857142857142812,2,0.39662638297608155,0.1586505531904291,2,1,0.5552769361665106,0,0,1.1105538723330037,1.0294117647058831,33,-0.6829168048727264,-1,-1.0881285714285713,0
ETHUSDT,2026-04-20T21:59:59Z,LONG,BOS,0.9462522385291164,0.7773555952048535,0.6328787320309621,1,0.7773555952048535,0.09281182120965235,18,1,1.2282852241064457,0,1,0.8651872699105875,0.8247520564853792,405,1.0979467903207272,0,-0.1091237048665613,0
ADAUSDT,2026-04-20T20:59:59Z,LONG,BOS,0.9961868052505439,0.6429641574773194,0.8000000000000056,1,0.6429641574773194,0.16074103936933543,18,1,0.8037051968466438,0,1,1.4466693543239855,1.4504431909750282,17,2.2127413909065345,0,-0.06204999999999966,0
BLURUSDT,2026-04-23T02:59:59Z,LONG,BOS,2.6343627709387523,2.8905592346436366,0.9680851063829788,3,2.901186290653359,0.9883162089038907,17,1,2.996829794740832,0,1,1.0201973769330435,2.9099727190057463,50,3.8608641607179943,0,-0.03092812500000014,0
NEARUSDT,2026-04-23T12:59:59Z,SHORT,BOS,0.8574840846690825,1.0985964665114456,0.24999999999999445,4,1.267611307513205,0.08450742050087032,3,1,1.690148410017594,0,0,0.5915519435061485,0.5017921146953329,82,1.9703768046729904,0,-0.17935714285714555,0
BNBUSDT,2026-04-24T02:59:59Z,LONG,BOS,0.4422808226332242,0.4840573007054975,0.7863247863247789,5,1.0811790804078767,0.10953121402827179,0,1,0.8267840026648328,0,1,1.1518443797809579,0.5118864428602818,11,-1.0672057867252078,-1,-1.1751202453987735,0
VANRYUSDT,2026-04-24T04:59:59Z,LONG,BOS,0.9084726128420331,0.9468372335080755,0.753846153846161,5,0.9871281796148074,0.584218718547524,0,1,1.3094557484686096,0,1,1.1482919640416998,1.0526315789473641,243,0.5184413389666316,-1,-1.0848000000000004,0
ADAUSDT,2026-04-24T04:59:59Z,LONG,BOS,0.7861028363901281,0.30628367478639096,0.4000000000000111,4,0.6125673495727678,0.5104727913106375,22,1,0.7657091869659561,0,1,0.8678037452280865,0.6854838709677448,93,-0.6109390476656041,0,-0.13129411764705828,0
ADAUSDT,2026-04-24T12:59:59Z,LONG,BOS,0.725189150470853,0.4942475198855184,0.5555555555555487,5,0.5491639109839026,0.21966556439355187,11,1,0.9884950397710368,0,1,1.2630769952629728,0.9196321471411423,106,0.059771272823095946,0,-0.0978652173913045,0
VANRYUSDT,2026-04-25T04:59:59Z,LONG,BOS,1.068069499448362,0.932604856111278,0.8202247191011283,6,1.2157170445736218,0.2664585303175121,3,1,1.4821755748911196,0,1,0.5162634024901779,0.5586592178771066,270,-0.3841396405774158,-1,-1.1603999999999965,0
NEARUSDT,2026-04-26T02:59:59Z,SHORT,BOS,0.5659811577670726,0.5080785825447568,0.20000000000001777,0,0.5080785825447568,0.38105893690855347,1,1,0.6350982281809601,0,0,1.3972161019980671,0.7885304659498136,27,0.2732855650540879,-1,-1.1148363636363647,0
ADAUSDT,2026-04-26T12:59:59Z,LONG,BOS,0.5678398610635881,0.6946981791932821,0.5263157894736812,0,1.1115170867092437,0.0694698179193205,11,1,1.3199265404672438,0,1,0.5557585433546026,0.31758634378720424,154,0.8293910680353408,0,-0.28338750000001156,0
SOLUSDT,2026-04-26T17:59:59Z,LONG,BOS,0.3921763521287281,0.41241018798673595,0.8695652173913017,0,0.5891574114096289,0.26512083513433926,15,1,0.6775310231210753,0,1,1.4139777873830588,0.5558128763316232,72,0.2062888352513508,0,-0.16192500000000346,0
ADAUSDT,2026-04-27T04:59:59Z,LONG,BOS,0.6944677229798989,0.6189710450846341,0.95652173913044,1,1.2379420901692995,0.3376205700461612,1,1,1.2942121851769877,0,1,1.2942121851769566,0.9065825778478396,168,2.101831394050816,-1,-1.0985739130434795,0
ETHUSDT,2026-04-24T01:59:59Z,LONG,BOS,0.7679709732438809,0.575692936335466,0.6018680677174477,4,0.6276225610485496,0.09827541881188663,22,1,0.9565101842314886,0,1,1.9727673560360892,1.5223658073106277,481,-0.7104273991169091,1,0.9401814888196999,1
VANRYUSDT,2026-04-27T04:59:59Z,LONG,BOS,0.7796505999023473,0.6787618458297151,0.8039215686274414,1,0.9596288165178745,0.16383906623476302,1,1,1.1936846254246873,0,1,1.217090206315391,0.956058098915257,316,-1.5382442888445114,-1,-1.093436538461537,0
SOLUSDT,2026-04-29T08:59:59Z,LONG,BOS,0.5318141768617582,0.774719969688456,0.8196721311475418,3,1.1067428138406246,0.5091016943666961,4,1,1.3502262328855605,0,1,0.9296639636261284,0.49733570159858104,133,0.6403341431854759,-1,-1.1802642857142849,0
BTCUSDT,2026-04-28T21:59:59Z,LONG,BOS,0.4392137340338021,0.39596216261455125,0.8973062895898422,2,0.4175795885476213,0.1274415743713676,20,1,0.4653701789368896,0,1,1.956674807632049,0.8609775389587385,126,-0.8928876621492533,1,0.8947676563237114,1
ETHUSDT,2026-04-29T12:59:59Z,LONG,CHoCH,0.6318579885985248,0.9733688099084714,0.7098662207357845,3,1.1424738845972275,0.4376439332944872,9,1,1.6179973546220232,1,1,0.11769713198335947,0.07490862439351058,0,0.6475175442601776,-1,-2.200763793103599,0
NEARUSDT,2026-04-29T09:59:59Z,SHORT,BOS,0.6487337678132249,0.6820638882383376,0,3,1.136773147063896,0.11367731470637697,8,1,0.7957412029447145,0,0,1.0230958323574937,0.6588579795021886,52,-0.735850904708951,2,1.8647999999999985,1
WLDUSDT,2026-04-30T11:59:59Z,SHORT,BOS,1.1363350833402186,0.3620000460785424,0.6551724137931048,4,0.3620000460785424,0.1810000230392712,10,1,1.049800133627777,0,0,0.9774001244120665,1.1061040557148742,6,1.0286059349455,0,-0.08136666666666643,0
SOLUSDT,2026-04-30T11:59:59Z,LONG,BOS,0.7607981959701714,0.630790164511597,0.9183673469387619,4,0.7096389350755438,0.17346729524069196,7,1,0.7727179515267146,0,1,1.1985013125720678,0.9167671893848071,160,-0.09742664213319849,0,-0.0981710526315783,0
NEARUSDT,2026-04-30T09:59:59Z,SHORT,BOS,0.9030894322728469,0.9241586112557704,0.08333333333334259,4,1.1762018688709923,0.16802883841014177,4,1,1.0081730304608507,0,0,1.0081730304608507,0.9009009009009016,72,-0.6627247774890669,2,1.9015,1
VANRYUSDT,2026-05-02T07:59:59Z,SHORT,BOS,0.8089969829485129,0.4788295769881972,0.3103448275862141,6,0.5506540135364154,0.5267125346870232,4,1,0.6943028866328932,0,0,0.8618932385787633,0.6941766293868192,8,-0.7629576668961819,0,-0.1296499999999984,0
ADAUSDT,2026-05-02T11:59:59Z,LONG,BOS,0.4421086792176207,0.09087534289877401,0.4000000000000111,6,0.18175068579752282,0.4543767144937944,10,1,0.4543767144937944,0,1,1.7266315150764289,0.7639726578206726,297,-0.7209139118947406,1.0000000000000147,0.8814947368421207,1
DOGEUSDT,2026-05-02T18:59:59Z,LONG,CHoCH,0.6806955256479498,0.3773451703278931,0.6111111111111068,6,0.8759798596897411,0.6334008216218125,15,1,0.7277371142037858,1,1,1.037699218401706,0.7105943152454843,0,-0.2911056952411042,0,-0.12665454545454433,0
BNBUSDT,2026-05-03T01:59:59Z,LONG,CHoCH,0.24650451898719467,0.8479162938600002,0.9923076923076123,6,0.8479162938600002,0.0854489288386041,13,1,0.8544892883861157,1,1,0.7887593431255591,0.19483998766012303,0,0.3627086611859471,0,-0.4619175000000263,0
BTCUSDT,2026-05-03T01:59:59Z,LONG,CHoCH,0.33158870783301647,0.21888514083375438,0.6537976858746608,6,0.43892392787711465,0.18254528523153363,14,1,0.6713451842367955,1,1,0.828433343109958,0.2750995277221963,0,-0.8138498880744971,-1,-1.3264543239103075,0
WLDUSDT,2026-05-04T01:59:59Z,SHORT,BOS,0.8528216730732101,0.19832187399685378,0.8749999999999968,1,0.19832187399685378,0.8924484329858144,0,1,1.586574991974789,0,0,1.3882531179779352,1.1819333051920629,92,3.7025278070894627,-1,-1.0768464285714288,0
TRXUSDT,2026-05-04T12:59:59Z,LONG,BOS,0.4236754582471516,0.6233179239006168,0.9545454545454591,1,1.3851509420013537,0.4848028297004584,10,1,1.5236660362014736,0,1,0.20777264130017997,0.08854781582053335,4,3.3626426213417404,-1,-2.0157000000001117,0
XLMUSDT,2026-05-04T08:59:59Z,LONG,BOS,0.625414186823255,1.193981618373784,0.6315789473684295,1,1.193981618373784,1.193981618373784,2,1,1.8904708957584657,0,1,2.686458641341007,1.6927899686520427,20,3.244857314163467,-1,-1.0524666666666664,0
XLMUSDT,2026-05-05T22:59:59Z,LONG,BOS,0.6222389612416829,0.19988801280547003,0.8571428571428684,2,0.5996640384163824,0.2998320192082189,21,1,0.6996080448191034,0,1,0.8994960576246013,0.5617977528089961,63,0.11452808834807564,0,-0.1601999999999979,0
ADAUSDT,2026-05-06T00:59:59Z,LONG,BOS,0.7813715396936544,1.3573645912697212,0.8529411764705888,2,1.405841898100777,1.1634553639454714,21,1,1.6482284322560823,0,1,1.4058418981007499,1.1106855610876898,31,2.170219001225302,3,2.9168689655172404,1
BNBUSDT,2026-05-04T10:59:59Z,LONG,BOS,0.3891576001115295,1.0447081527705413,0.6082474226804189,1,1.2133421459343263,1.7562613434371088,2,1,1.994816748400481,0,1,2.2621633229283233,0.8845145623260944,37,4.065013898424499,6,5.894049272727271,1
BTCUSDT,2026-05-07T08:59:59Z,LONG,BOS,0.48371971730825825,0.20277872550100898,0.40337085717878496,4,0.3253183455135957,0.5529245312779041,7,1,0.8064993782369502,0,1,1.308348827829138,0.6338716038643468,113,0.18369875041558917,-1,-1.1412845903355227,0
ETHUSDT,2026-05-07T08:59:59Z,LONG,BOS,0.6202998906693575,0.512256714612645,0.7738446411013067,4,0.5411356166445027,0.18908804901808351,7,1,0.6992819849141538,0,1,1.1510305238409733,0.7163887842788089,65,-0.15409080178949078,-1,-1.1249301075268834,0
SOLUSDT,2026-05-07T10:59:59Z,LONG,BOS,0.8355640427620394,1.1681242143008128,0.7846153846153833,4,1.3539621574850347,0.30530519237408293,7,1,1.7256380438534786,0,1,1.2477690470940535,1.0545209782364795,15,1.618269581567808,0,-0.08534680851063851,0
XLMUSDT,2026-05-07T08:59:59Z,LONG,BOS,0.8092456153903969,0.15227588100457123,0.4285714285714172,4,0.2284138215068463,0.07613794050229619,7,1,0.5329655835159888,0,1,1.446620869543395,1.1728395061728474,97,-0.8408175237579874,-1,-1.0760368421052626,0
XRPUSDT,2026-05-07T09:59:59Z,LONG,BOS,0.5920601892370804,0.4758130755912399,0.7611940298507369,4,0.6066616713788164,0.035685980669339035,7,1,0.7969869016153176,0,1,1.1895326889780997,0.7068136839129211,65,-0.15074503316759358,-1,-1.1266319999999999,0
XLMUSDT,2026-05-09T03:59:59Z,LONG,BOS,0.8792644330114178,0.34010594648615106,0.38461538461537803,6,0.34010594648615106,1.0883390287556758,2,1,0.8842754608640079,0,1,1.4964661645390496,1.3197360527894302,140,1.445303689921476,-1,-1.0674954545454551,0
XRPUSDT,2026-05-09T23:59:59Z,LONG,BOS,0.4209596439337666,0.28359493408041747,0.9062500000000066,6,0.6339180879444539,0.03336410989180946,19,1,0.5338257582689885,0,1,0.5338257582689885,0.225320377411623,125,-1.020014473543529,-1,-1.3987312500000162,0
ZECUSDT,2026-05-10T09:59:59Z,LONG,BOS,1.5344475352382558,0.6376736544010613,0.8413284132841372,0,1.4185851513048593,0.09018678972394632,6,1,0.8626101181831336,0,1,0.25570607439376697,0.4010984438711772,4,-0.03175317532354182,-1,-1.223683817427389,0
XRPUSDT,2026-05-10T11:59:59Z,LONG,BOS,0.385601952505916,0.21788261829840716,0.9038461538461234,0,0.8533735883355087,0.34498081230585165,9,1,0.944158012626552,0,1,0.7989029337609068,0.30907558302893784,139,1.2588862161278564,18,17.69620909090909,1
BNBUSDT,2026-05-10T11:59:59Z,LONG,BOS,0.3218158589528642,0.4770509942992359,0.765486725663728,0,0.8252982201376867,0.1669678480047434,9,1,1.0781352471162688,0,1,0.7919046505367164,0.25552613755310144,47,1.6933131230468406,6,5.643585542168668,1
DOGEUSDT,2026-05-10T20:59:59Z,LONG,BOS,0.6514045511542299,1.7438530918966482,0.8698224852071016,0,2.0344952738794038,0.42904322102219394,17,1,2.3389775597661147,0,1,0.8580864420443879,0.5664687071722334,2,3.060397961361456,-1,-1.158179032258062,0
ETHUSDT,2026-05-10T20:59:59Z,LONG,BOS,0.3957439527187699,1.5081581437285883,0.8274336283185794,0,2.564189501633464,0.5461862589973925,17,1,2.4156182883249926,0,1,0.9865556106743282,0.39442590305583997,147,4.291709985338662,-1,-1.227479739978331,0
NEARUSDT,2026-05-10T20:59:59Z,LONG,BOS,0.9194479888523729,0.4743466481398876,0.875,0,0.9486932962797903,0.2710552275085115,18,1,1.084220910034046,0,1,0.9486932962797903,0.8799497171590202,63,1.6207710695896291,-1,-1.1015785714285713,0
BTCUSDT,2026-05-12T01:59:59Z,LONG,BOS,0.5334324687754283,0.2986542148976202,0.40862401216343325,1,0.5311476507331867,0.21142034295613807,16,1,1.2998444411552323,0,1,1.1920430467196543,0.6376812164329795,5,1.0382027854331894,-1,-1.1404363510178899,0
BTCUSDT,2026-05-13T07:59:59Z,LONG,BOS,0.44065301746815455,0.5585836451776486,0.84554553317682,3,0.880651149180007,0.46292141282936133,3,1,0.9041686965193475,0,1,0.7027054317228216,0.310855579974435,40,-0.4531818634467603,0,-0.2895235144480973,0
ETHUSDT,2026-05-13T12:59:59Z,LONG,BOS,0.5348081938214339,0.6320036974842185,0.8234774933804049,3,1.2030815886556556,0.013809849430894647,3,1,0.9203858473645199,0,1,0.4865941064178047,0.2619197537342252,205,-0.6867704273780993,-1,-1.3429166944908044,0
SOLUSDT,2026-05-15T18:59:59Z,LONG,CHoCH,0.869857143841952,0.39677171856955457,0.8048780487804624,5,0.4223698939611528,0.2687808416116361,17,1,0.5247625955275095,1,1,0.8959361387054658,0.7822103028271188,0,-0.4701530056086996,-1,-1.1143585714285733,0
TRXUSDT,2026-05-04T18:59:59Z,LONG,BOS,0.4368239245717269,0.4026828322994534,0.5384615384615549,1,0.46979663768272667,0.33556902691621737,17,1,0.8724794699821801,0,1,2.953007436862683,1.2925969447708459,11,-0.1768581202065123,2,1.9289727272727266,1
WLDUSDT,2026-05-16T16:59:59Z,LONG,BOS,1.1382006195614598,0.4356593732887777,0.5,6,0.4356593732887777,0.21782968664438382,15,1,0.8713187465775554,0,1,0.7624039032553535,0.8720930232558102,22,-0.14941961807176649,0,-0.10320000000000046,0
NEARUSDT,2026-05-17T02:59:59Z,SHORT,BOS,0.8926075442599964,0.6051657982611703,0.25000000000000927,0,0.6808115230438083,0.2269371743479473,1,1,0.9077486973917556,0,0,0.9833944221743934,0.8724832214765034,21,-0.20879328721456786,-1,-1.103853846153847,0
ADAUSDT,2026-05-17T11:59:59Z,LONG,BOS,0.5602041661218287,0.4856371698947803,0.4374999999999892,0,0.4856371698947803,0.13875347711278335,10,1,1.1100278169023825,0,1,0.9712743397895606,0.5455962587684945,17,0.8555015844334859,-1,-1.164257142857148,0
SOLUSDT,2026-05-17T13:59:59Z,LONG,BOS,0.5899750486211552,0.6634763507393622,0.7647058823529346,0,0.7610464023186736,0.3902802063172735,4,1,0.9952145261090433,0,1,0.9757005157931699,0.5782352260899735,35,-0.27244786167436374,-1,-1.154946,0
XLMUSDT,2026-05-17T19:59:59Z,SHORT,BOS,0.5458964960690408,0.8497643231056666,0.11111111111112824,0,0.9711592264064617,0.24278980660162383,14,1,1.0925541297072905,0,0,0.6069745165040428,0.32959789057350064,181,0.19293027455794257,0,-0.27305999999999975,0
TRXUSDT,2026-05-17T13:59:59Z,LONG,BOS,0.212426316646444,0.2640221346618793,0.3999999999999556,0,0.2640221346618793,1.1880996059786033,12,1,0.6600553366547715,0,1,1.8481549426333015,0.39281705948371404,318,0.05220216176062149,-1,-1.2284142857142928,0
WLDUSDT,2026-05-17T14:59:59Z,LONG,BOS,0.8703789010768906,0.4265810306907659,0.6428571428571457,0,0.4265810306907659,0.6635704921856198,4,1,0.663570492185633,0,1,1.1849473074743353,1.0351966873706013,35,-0.6556439120027739,-1,-1.0862399999999999,0
XLMUSDT,2026-05-18T12:59:59Z,SHORT,BOS,0.7661237501269705,0.6211356288446522,0.11111111111112824,1,1.6859395640069517,0.2662009837905687,9,1,0.7986029513717309,0,0,0.17746732252705402,0.13422818791946695,200,-0.21231346236347695,9,8.335800000000019,1
NEARUSDT,2026-05-19T12:59:59Z,SHORT,BOS,1.6589936691952258,0.45293053591723,0.5161290322580626,2,0.5661631698965417,0.49067474724366167,11,1,1.170070551119515,0,0,1.094582128466635,1.7990074441687294,79,0.3601033418845995,-1,-1.0507275862068968,0
XLMUSDT,2026-05-19T16:59:59Z,SHORT,BOS,0.8946921652828677,0.8496704601863093,0.4347826086956532,2,0.9269132292941459,0.4634566146470622,14,1,1.7765836894804337,0,0,0.38621384553922566,0.342700479780672,229,0.3099286195790221,1,0.7380800000000003,1
BLURUSDT,2026-05-20T12:59:59Z,SHORT,BOS,0.8556835209875271,0.4735662924912455,0.25000000000001443,3,0.4735662924912455,0.21047390777387875,11,1,0.6314217233216728,0,0,1.0523695388694303,0.8968609865470798,82,1.7203276054762235,0,-0.1003500000000006,0
ZECUSDT,2026-05-19T22:59:59Z,LONG,BOS,1.9270201737498494,0.7397358785036547,0.7070484581497791,2,0.8634735163624475,0.24568197661818433,17,1,1.2212366866933069,0,1,0.8383673289708108,1.6428872645487809,61,0.6309345610646789,6,5.941018395721925,1
ADAUSDT,2026-05-19T09:59:59Z,LONG,BOS,0.956721556181455,0.9107008440265687,0.8620689655172381,1,1.1590738014883695,0.37255943619269555,21,1,1.2004692943986754,0,1,1.2004692943986754,1.1613936724068936,2,-0.7301754675816541,0,-0.0774931034482755,0
WLDUSDT,2026-05-21T10:59:59Z,LONG,BOS,1.4134930346875496,1.5460851267172442,0.9275362318840581,4,1.706024967412128,0.3465363215055938,8,1,1.8393081679912002,0,1,1.0129523244009404,1.4671814671814556,135,1.0993332766382622,-1,-1.0606421052631583,0
BLURUSDT,2026-05-21T12:59:59Z,SHORT,BOS,0.9655320029541399,0.37005750822860506,0,4,0.7401150164572101,0.8326293935143574,11,1,0.7401150164572101,0,0,1.1564297132143888,1.1086474501108656,106,-0.44543119675426296,-1,-1.08188,0
XRPUSDT,2026-05-21T17:59:59Z,SHORT,BOS,0.6120618067091095,0.3235053682003706,0.016666666666664817,4,0.706919137919292,0.5271939333635334,11,1,0.7189008182230073,0,0,0.6709740970081456,0.4089083607155933,106,0.008073574550224415,-1,-1.2207982142857123,0
XRPUSDT,2026-05-22T02:59:59Z,SHORT,BOS,0.65105588732668,0.6511662458827319,0.12500000000001543,5,0.7858902967550359,0.04490801695742635,0,1,0.808344305233774,0,0,0.6960742628401831,0.45087629990546024,119,-0.7813818752220717,2,1.8017887096774188,1
ETHUSDT,2026-05-23T15:59:59Z,SHORT,BOS,0.715702866219447,2.28051085617221,0.3588169642857137,6,2.71443469772719,0.014464128051834748,7,1,3.7028167812690533,0,0,0.27688473699221594,0.19439071566731053,186,3.471049729089394,1,0.5377149253731321,1
BNBUSDT,2026-05-24T13:59:59Z,LONG,BOS,0.4686078271642937,0.3557766306576865,0.8181818181818132,0,0.5530709440224243,0.1390763192571277,9,1,0.6759755982496337,0,1,1.3228421994455175,0.6215049841964551,134,0.5369104030129567,-1,-1.144109779951099,0
OPGUSDT,2026-05-24T15:59:59Z,SHORT,BOS,2.825020444952138,0.661644372112267,0.09433962264150954,0,0.7939732465347195,0.21503442093648586,14,-0,0.8766787930487528,0,0,1.0917132139852432,3.0164533820841055,4,0.2778930490321939,-1,-1.0305363636363636,0
TRXUSDT,2026-05-24T21:59:59Z,LONG,BOS,0.22280190977928366,1.227650948777508,0.8461538461538232,0,1.3504160436552453,0.12276509487773718,12,1,1.595946233410788,0,1,0.7365905692664912,0.1646090534979395,113,2.310787389651177,1,0.45254999999999035,1
ETHUSDT,2026-05-25T02:59:59Z,SHORT,BOS,0.648183981942862,0.894198499411142,0.5593939393939404,0,1.0692143241314251,0.3529730918728368,14,1,2.426690006625661,0,0,0.6287333198984801,0.4047298960483301,217,1.223058435377934,1,0.7783294736842152,1
SOLUSDT,2026-05-25T01:59:59Z,LONG,BOS,0.8131101038643609,0.3308356970043202,0.585365853658529,1,0.7192080369659011,0.05753664295728108,0,1,0.5897505903120339,0,1,1.898709217589969,1.5529411764705803,34,-0.4411527262525312,0,-0.05795454545454575,0
OPGUSDT,2026-05-26T00:59:59Z,SHORT,BOS,2.705568104252803,0.6024293780994103,0.23913043478261145,1,0.6201478892199842,0.7264589559434081,22,-0,0.815051511546268,0,0,1.0808291783548278,2.8760018859028733,36,-0.1945335273058495,1,0.9694065573770492,1
VANRYUSDT,2026-05-26T09:59:59Z,SHORT,BOS,1.0448549328147052,0.49785198702317224,0.242424242424248,2,0.7368209407942935,0.7965631792370825,2,1,0.6571646228705922,0,0,1.5532981995123056,1.6105719595292163,237,0.08013298473532311,0,-0.055880769230769275,0
SOLUSDT,2026-05-27T09:59:59Z,LONG,BOS,0.6464948941043569,0.27552593982195456,1,3,0.8633146114421713,0.11021037592876616,7,1,0.5877886716201907,0,1,1.6531556389318056,1.0747551946500975,89,-0.6505760806241059,0,-0.08374000000000079,0
OPGUSDT,2026-05-28T07:59:59Z,SHORT,BOS,2.703902284010101,0.05707343366915697,0.7105263157894689,3,0.2092692567868966,0.7229301598092671,20,-0,0.7229301598092671,0,0,0.913174938706443,2.4552429667519173,82,-0.5164165108315695,2,1.96474375,1
BLURUSDT,2026-05-28T12:59:59Z,SHORT,BOS,1.4503700733101084,0.06756288108598663,0.8571428571428642,4,0.06756288108598663,0.3715958459729382,11,1,0.47294016760192986,0,0,1.3850390622627846,2.006852667645622,106,-0.5834958790939211,-1,-1.0455463414634145,0
BNBUSDT,2026-05-28T20:59:59Z,LONG,BOS,0.6069645146725814,0.41327826146298846,0.6897959183673564,4,0.7264456397144499,0.7957531742455048,18,1,0.6289017022262932,0,1,1.4297887679185093,0.8716744913927913,239,-1.126299682511967,-1,-1.102549551166967,0
BNBUSDT,2026-05-31T07:59:59Z,LONG,BOS,1.0526291696002685,0.6288640207658254,0.7853185595567781,0,0.7397632775398861,0.27007230767330026,1,1,0.9419913340102358,0,1,0.4892614269443727,0.5190526942295182,294,-0.38509823772031915,-1,-1.1726928,0
XLMUSDT,2026-05-31T06:59:59Z,LONG,CHoCH,3.9759969259554495,0.520077023946112,0.8059701492537282,0,0.5616831858618023,0.5096754834671909,2,1,0.6969032120877946,1,1,1.3001925598652873,5.287648054145521,0,0.8533755606792542,1,0.9822792,1
BLURUSDT,2026-05-31T20:59:59Z,SHORT,BOS,1.032221996193727,0.5111089858531359,0.34615384615384565,0,1.3474691445219096,0.5575734391125265,16,1,1.2080757847437862,0,0,0.7898957054093992,0.804162724692526,9,-0.5996736129607516,-1,-1.1126176470588236,0
VANRYUSDT,2026-05-31T02:59:59Z,SHORT,CHoCH,1.3224583598339892,0.30072944248867167,0.2702702702702614,6,0.6181660762267012,0.35085101623677395,19,1,0.6181660762266866,1,0,1.1026746224584243,1.4464168310322176,0,0.6789867398272533,1,0.9384772727272728,1
OPGUSDT,2026-05-31T10:59:59Z,SHORT,BOS,2.405053872206458,0.4571924151980841,0.13636363636364612,0,0.4825919938201972,0.787386937285589,9,-0,0.5587907296865504,0,0,1.2445793524836801,2.958937198067642,167,-0.4913316654842418,-1,-1.0311163265306122,0
SOLUSDT,2026-06-01T01:59:59Z,LONG,BOS,0.5089532584829373,0.7878366957667902,0.8571428571428447,0,1.0027012491577423,0.19099071412527938,21,1,1.1698181240173828,0,1,0.740089017235445,0.37860283341473877,29,-0.4307678451912276,2,1.7608838709677328,1
BLURUSDT,2026-06-01T09:59:59Z,SHORT,BOS,1.121770158023499,0.8127406909854903,0,1,0.9838439943508503,0.256654955048055,7,1,0.9838439943508503,0,0,0.55608573593745,0.6169909824394952,24,1.6016728291929716,1,0.8548307692307711,1
ETHUSDT,2026-06-01T12:59:59Z,SHORT,BOS,0.6597702136617698,0.8934120036210753,0.250000000000003,1,1.088198826728159,0.07898835740170791,7,1,1.4509317689708845,0,0,0.3634998194990519,0.23811676764023318,110,0.2238317951589026,6,5.62623417721519,1
XRPUSDT,2026-06-01T09:59:59Z,SHORT,BOS,0.6977830495671287,0.0659912597912723,0.4725274725274637,1,0.5279300783300562,0.1869752360752267,8,1,1.0008674401673814,0,0,0.7808965741965064,0.5428964673497387,52,1.2127847276383465,2,1.835622535211265,1
WLDUSDT,2026-06-02T07:59:59Z,LONG,BOS,3.9736133015562336,0.7178135683434986,0.876363636363636,2,1.2814301479317267,0.31902825259711054,4,1,1.4622128244034232,0,1,0.5529823045016559,2.315227070347276,33,-0.004335223653043966,-1,-1.038173076923077,0
OPGUSDT,2026-06-03T12:59:59Z,SHORT,BOS,3.2677194659456057,0.38413032042815554,0.46666666666666706,3,0.603633360672818,0.402422240448547,10,-0,0.8231364009174754,0,0,1.4633536016310764,4.689331770222747,240,0.5198656913567806,-1,-1.0198925,0
SOLUSDT,2026-06-03T17:59:59Z,SHORT,BOS,1.3491347639802584,0.30456751026689705,0.6780821917808244,3,0.47715576608480875,0.36548101232027935,16,1,1.4822285499655878,0,0,1.0355295349074558,1.3881328252585683,21,1.3408398773101664,1,0.9358647058823527,1
VANRYUSDT,2026-06-03T17:59:59Z,SHORT,BOS,1.42679125355767,0,0.9333333333333357,3,0.08199267361813563,0.34436922919618673,16,1,1.2298901042720771,0,0,1.1151003612066959,1.589156344940415,34,-0.44029361771758263,1,0.9440661764705885,1
XRPUSDT,2026-06-03T21:59:59Z,SHORT,BOS,1.211205381369671,0.7122811985000885,0.3333333333333299,3,0.981979904728279,0.3388522206456827,20,1,1.4729698570924108,0,0,0.8090961186845714,0.9684628755897727,112,1.2729888037226285,-1,-1.093630769230769,0
ETHUSDT,2026-06-03T21:59:59Z,SHORT,BOS,1.1219884374762141,0.22079072779790215,0.6538111144852742,3,0.554408435439664,0.42407382079245115,16,1,1.6014622613182687,0,0,0.763041083513023,0.8508307665611066,167,0.8112272575247397,7,6.89912103250478,1
XRPUSDT,2026-06-04T03:59:59Z,SHORT,BOS,1.4885130907059445,1.862447327492423,0.12468827930174291,4,2.0301832669249777,0.08675996867199771,1,1,2.3193831624983288,0,0,0.6709437577301798,0.9694133377903921,117,3.8253873166356156,-1,-1.0935396551724152,0
BNBUSDT,2026-06-04T03:59:59Z,SHORT,BOS,1.4288319447667457,1.5960839795611557,0.18030139935414508,4,1.7691673223228832,0.3020246249533507,1,1,2.158314435243546,0,0,0.7980419897805778,1.112154374150101,67,3.6295428918889368,1,0.9197759825327512,1
DOGEUSDT,2026-06-04T03:59:59Z,SHORT,BOS,1.5896496218427605,1.5563286005080719,0.09722222222222282,4,1.8476960553977166,0.014213046579976898,1,1,2.046678707517472,0,0,0.554308816619316,0.856014047410012,10,3.097423083263064,1,0.8955615384615389,1
OPGUSDT,2026-06-04T04:59:59Z,SHORT,BOS,3.3476186313837073,0.6440928294409466,0.18518518518518576,4,0.765948229605446,0.34815828618429495,1,-0,0.9400273726975935,0,0,1.2707777445726804,4.147727272727289,255,0.45014675328978876,0,-0.021698630136986218,0
SOLUSDT,2026-06-04T03:59:59Z,SHORT,BOS,1.8465454179694787,1.6807596384997079,0.08267716535432851,4,1.8385774449315957,0.48134430961728464,1,1,2.0042861416850823,0,0,0.9074523869834108,1.6206313416009102,30,3.1257675852028646,2,1.945866086956522,1
ADAUSDT,2026-06-04T12:59:59Z,SHORT,BOS,2.0901862760734007,0.6874672157680353,0.22222222222222737,4,0.7129289645001892,0.5346967233751401,10,1,0.9166229543573922,0,0,0.7893142106966368,1.6255899318300953,3,1.0081478723854345,0,-0.05536451612903241,0
WLDUSDT,2026-06-05T02:59:59Z,LONG,BOS,5.735307051719105,1.455927824945945,0.9203883495145632,4,1.5200656145911409,0.044896452751637526,14,1,1.6515480833637923,0,1,0.6958950176503754,4.372355430183356,17,1.4321172839424656,-1,-1.019883870967742,0
DOGEUSDT,2026-06-05T04:59:59Z,SHORT,BOS,1.565345666408399,0.20813850304026038,0.05660377358490961,5,0.7433517965723525,0.04460110779433414,3,1,0.7879529043666971,0,0,0.8028199402981383,1.2422360248447177,36,0.7985129592990847,3,2.9296499999999996,1
XRPUSDT,2026-06-05T04:59:59Z,SHORT,BOS,1.5186154638220295,0.034819487745014685,0.1148648648648678,5,0.7602254824328979,0.20311367851261145,3,1,0.8588806977104524,0,0,0.6267507794103416,0.940930475692642,143,0.41069991609769324,4,3.9071500000000015,1
BTCUSDT,2026-06-05T20:59:59Z,SHORT,BOS,1.7514686730261286,1.3630751308683569,0.14095632946379102,5,1.7610172065073764,0.37728461584510536,18,1,1.7389178579423659,0,0,0.3069108312237832,0.5214609399166713,174,0.961219746847751,-1,-1.1732920258080728,0
